,Name,WordSet,Window,Cooc min,Clusters,Similar Clusters,Similar Clusters %,Lengths cluster
398,Small passages,Carmen et al.,10,10,3,0,0.0,[]
386,Small passages,Carmen et al.,10,1,3,0,0.0,[]
392,Small passages,Carmen et al.,10,5,3,0,0.0,[]
125,Martial et priapea,Carmen et al.,10,20,4,0,0.0,[]
393,Small passages,Carmen et al.,10,5,4,0,0.0,[]
119,Martial et priapea,Carmen et al.,10,10,3,0,0.0,[]
237,Martial et priapea,4 Fields,15,20,4,0,0.0,[]
404,Small passages,Carmen et al.,10,20,3,0,0.0,[]
113,Martial et priapea,Carmen et al.,10,5,3,0,0.0,[]
104,Martial et priapea,Carmen et al.,5,20,3,0,0.0,[]
416,Small passages,Carmen et al.,15,5,3,0,0.0,[]
417,Small passages,Carmen et al.,15,5,4,0,0.0,[]
423,Small passages,Carmen et al.,15,10,4,0,0.0,[]
83,Martial et priapea,Puer et al.,20,20,3,0,0.0,[]
440,Small passages,Carmen et al.,20,5,3,0,0.0,[]
441,Small passages,Carmen et al.,20,5,4,0,0.0,[]
442,Small passages,Carmen et al.,20,5,5,0,0.0,[]
446,Small passages,Carmen et al.,20,10,3,0,0.0,[]
447,Small passages,Carmen et al.,20,10,4,0,0.0,[]
448,Small passages,Carmen et al.,20,10,5,0,0.0,[]
140,Martial et priapea,Carmen et al.,15,10,4,0,0.0,[]
452,Small passages,Carmen et al.,20,20,3,0,0.0,[]
357,Small passages,Puer et al.,20,20,4,0,0.0,[]
354,Small passages,Puer et al.,20,10,7,0,0.0,[]
238,Martial et priapea,4 Fields,15,20,5,0,0.0,[]
260,Martial et priapea,4 Fields,20,20,3,0,0.0,[]
261,Martial et priapea,4 Fields,20,20,4,0,0.0,[]
207,Martial et priapea,4 Fields,10,10,4,0,0.0,[]
206,Martial et priapea,4 Fields,10,10,3,0,0.0,[]
302,Small passages,Puer et al.,10,10,3,0,0.0,[]
326,Small passages,Puer et al.,15,10,3,0,0.0,[]
327,Small passages,Puer et al.,15,10,4,0,0.0,[]
332,Small passages,Puer et al.,15,20,3,0,0.0,[]
333,Small passages,Puer et al.,15,20,4,0,0.0,[]
334,Small passages,Puer et al.,15,20,5,0,0.0,[]
335,Small passages,Puer et al.,15,20,6,0,0.0,[]
336,Small passages,Puer et al.,15,20,7,0,0.0,[]
337,Small passages,Puer et al.,15,20,8,0,0.0,[]
338,Small passages,Puer et al.,20,1,3,0,0.0,[]
350,Small passages,Puer et al.,20,10,3,0,0.0,[]
351,Small passages,Puer et al.,20,10,4,0,0.0,[]
352,Small passages,Puer et al.,20,10,5,0,0.0,[]
353,Small passages,Puer et al.,20,10,6,0,0.0,[]
356,Small passages,Puer et al.,20,20,3,0,0.0,[]
453,Small passages,Carmen et al.,20,20,4,0,0.0,[]
236,Martial et priapea,4 Fields,15,20,3,0,0.0,[]
506,Small passages,4 Fields,15,1,3,0,0.0,[]
507,Small passages,4 Fields,15,1,4,0,0.0,[]
536,Small passages,4 Fields,20,5,3,0,0.0,[]
548,Small passages,4 Fields,20,20,3,0,0.0,[]
496,Small passages,4 Fields,10,10,5,0,0.0,[]
530,Small passages,4 Fields,20,1,3,0,0.0,[]
495,Small passages,4 Fields,10,10,4,0,0.0,[]
494,Small passages,4 Fields,10,10,3,0,0.0,[]
524,Small passages,4 Fields,15,20,3,0,0.0,[]
301,Small passages,Puer et al.,10,5,8,1,0.125,[1]
355,Small passages,Puer et al.,20,10,8,1,0.125,[1]
361,Small passages,Puer et al.,20,20,8,1,0.125,[10]
331,Small passages,Puer et al.,15,10,8,1,0.125,[1]
432,Small passages,Carmen et al.,15,20,7,1,0.14285714285714285,[6]
360,Small passages,Puer et al.,20,20,7,1,0.14285714285714285,[10]
444,Small passages,Carmen et al.,20,5,7,1,0.14285714285714285,[2]
192,Martial et priapea,4 Fields,5,20,7,1,0.14285714285714285,[4]
300,Small passages,Puer et al.,10,5,7,1,0.14285714285714285,[1]
420,Small passages,Carmen et al.,15,5,7,1,0.14285714285714285,[3]
438,Small passages,Carmen et al.,20,1,7,1,0.14285714285714285,[1]
240,Martial et priapea,4 Fields,15,20,7,1,0.14285714285714285,[1]
498,Small passages,4 Fields,10,10,7,1,0.14285714285714285,[2]
330,Small passages,Puer et al.,15,10,7,1,0.14285714285714285,[1]
437,Small passages,Carmen et al.,20,1,6,1,0.16666666666666666,[1]
299,Small passages,Puer et al.,10,5,6,1,0.16666666666666666,[1]
329,Small passages,Puer et al.,15,10,6,1,0.16666666666666666,[1]
425,Small passages,Carmen et al.,15,10,6,1,0.16666666666666666,[1]
305,Small passages,Puer et al.,10,10,6,1,0.16666666666666666,[1]
497,Small passages,4 Fields,10,10,6,1,0.16666666666666666,[2]
419,Small passages,Carmen et al.,15,5,6,1,0.16666666666666666,[3]
163,Martial et priapea,Carmen et al.,20,10,6,1,0.16666666666666666,[1]
359,Small passages,Puer et al.,20,20,6,1,0.16666666666666666,[10]
239,Martial et priapea,4 Fields,15,20,6,1,0.16666666666666666,[1]
443,Small passages,Carmen et al.,20,5,6,1,0.16666666666666666,[2]
449,Small passages,Carmen et al.,20,10,6,1,0.16666666666666666,[1]
455,Small passages,Carmen et al.,20,20,6,1,0.16666666666666666,[1]
208,Martial et priapea,4 Fields,10,10,5,1,0.2,[1]
394,Small passages,Carmen et al.,10,5,5,1,0.2,[2]
406,Small passages,Carmen et al.,10,20,5,1,0.2,[1]
162,Martial et priapea,Carmen et al.,20,10,5,1,0.2,[1]
412,Small passages,Carmen et al.,15,1,5,1,0.2,[2]
508,Small passages,4 Fields,15,1,5,1,0.2,[1]
298,Small passages,Puer et al.,10,5,5,1,0.2,[1]
454,Small passages,Carmen et al.,20,20,5,1,0.2,[1]
418,Small passages,Carmen et al.,15,5,5,1,0.2,[3]
328,Small passages,Puer et al.,15,10,5,1,0.2,[1]
424,Small passages,Carmen et al.,15,10,5,1,0.2,[1]
141,Martial et priapea,Carmen et al.,15,10,5,1,0.2,[1]
526,Small passages,4 Fields,15,20,5,1,0.2,[1]
358,Small passages,Puer et al.,20,20,5,1,0.2,[10]
436,Small passages,Carmen et al.,20,1,5,1,0.2,[1]
262,Martial et priapea,4 Fields,20,20,5,1,0.2,[1]
135,Martial et priapea,Carmen et al.,15,5,5,1,0.2,[1]
304,Small passages,Puer et al.,10,10,5,1,0.2,[1]
550,Small passages,4 Fields,20,20,5,1,0.2,[1]
45,Martial et priapea,Puer et al.,15,1,5,1,0.2,[1]
549,Small passages,4 Fields,20,20,4,1,0.25,[1]
28,Martial et priapea,Puer et al.,10,5,4,1,0.25,[1]
307,Small passages,Puer et al.,10,10,8,2,0.25,"[3, 1]"
349,Small passages,Puer et al.,20,5,8,2,0.25,"[2, 1]"
325,Small passages,Puer et al.,15,5,8,2,0.25,"[2, 1]"
363,Small passages,Carmen et al.,5,1,4,1,0.25,[1]
345,Small passages,Puer et al.,20,5,4,1,0.25,[2]
525,Small passages,4 Fields,15,20,4,1,0.25,[1]
531,Small passages,4 Fields,20,1,4,1,0.25,[1]
155,Martial et priapea,Carmen et al.,20,5,4,1,0.25,[1]
18,Martial et priapea,Puer et al.,5,20,4,1,0.25,[2]
193,Martial et priapea,4 Fields,5,20,8,2,0.25,"[4, 1]"
134,Martial et priapea,Carmen et al.,15,5,4,1,0.25,[1]
303,Small passages,Puer et al.,10,10,4,1,0.25,[1]
297,Small passages,Puer et al.,10,5,4,1,0.25,[1]
387,Small passages,Carmen et al.,10,1,4,1,0.25,[1]
177,Martial et priapea,4 Fields,5,5,4,1,0.25,[1]
501,Small passages,4 Fields,10,20,4,1,0.25,[1]
483,Small passages,4 Fields,10,1,4,1,0.25,[1]
40,Martial et priapea,Puer et al.,10,20,4,1,0.25,[1]
439,Small passages,Carmen et al.,20,1,8,2,0.25,"[3, 1]"
255,Martial et priapea,4 Fields,20,10,4,1,0.25,[2]
82,Martial et priapea,Puer et al.,20,10,8,2,0.25,"[1, 1]"
435,Small passages,Carmen et al.,20,1,4,1,0.25,[1]
267,Small passages,Puer et al.,5,1,4,1,0.25,[1]
433,Small passages,Carmen et al.,15,20,8,2,0.25,"[1, 6]"
219,Martial et priapea,4 Fields,15,1,4,1,0.25,[2]
399,Small passages,Carmen et al.,10,10,4,1,0.25,[1]
44,Martial et priapea,Puer et al.,15,1,4,1,0.25,[1]
451,Small passages,Carmen et al.,20,10,8,2,0.25,"[1, 1]"
445,Small passages,Carmen et al.,20,5,8,2,0.25,"[2, 1]"
231,Martial et priapea,4 Fields,15,10,4,1,0.25,[1]
421,Small passages,Carmen et al.,15,5,8,2,0.25,"[3, 1]"
405,Small passages,Carmen et al.,10,20,4,1,0.25,[1]
1,Martial et priapea,Puer et al.,5,1,4,1,0.25,[1]
114,Martial et priapea,Carmen et al.,10,5,4,1,0.25,[1]
50,Martial et priapea,Puer et al.,15,5,4,1,0.25,[1]
213,Martial et priapea,4 Fields,10,20,4,1,0.25,[1]
457,Small passages,Carmen et al.,20,20,8,2,0.25,"[1, 1]"
411,Small passages,Carmen et al.,15,1,4,1,0.25,[2]
283,Small passages,Puer et al.,5,10,8,2,0.25,"[2, 1]"
234,Martial et priapea,4 Fields,15,10,7,2,0.2857142857142857,"[1, 1]"
456,Small passages,Carmen et al.,20,20,7,2,0.2857142857142857,"[1, 1]"
462,Small passages,4 Fields,5,1,7,2,0.2857142857142857,"[1, 1]"
348,Small passages,Puer et al.,20,5,7,2,0.2857142857142857,"[2, 1]"
324,Small passages,Puer et al.,15,5,7,2,0.2857142857142857,"[2, 1]"
474,Small passages,4 Fields,5,10,7,2,0.2857142857142857,"[1, 1]"
450,Small passages,Carmen et al.,20,10,7,2,0.2857142857142857,"[1, 1]"
69,Martial et priapea,Puer et al.,20,1,7,2,0.2857142857142857,"[2, 1]"
264,Martial et priapea,4 Fields,20,20,7,2,0.2857142857142857,"[1, 1]"
414,Small passages,Carmen et al.,15,1,7,2,0.2857142857142857,"[2, 1]"
282,Small passages,Puer et al.,5,10,7,2,0.2857142857142857,"[2, 1]"
81,Martial et priapea,Puer et al.,20,10,7,2,0.2857142857142857,"[1, 1]"
306,Small passages,Puer et al.,10,10,7,2,0.2857142857142857,"[3, 1]"
137,Martial et priapea,Carmen et al.,15,5,7,2,0.2857142857142857,"[1, 1]"
426,Small passages,Carmen et al.,15,10,7,2,0.2857142857142857,"[1, 1]"
314,Small passages,Puer et al.,15,1,3,1,0.3333333333333333,[1]
296,Small passages,Puer et al.,10,5,3,1,0.3333333333333333,[1]
212,Martial et priapea,4 Fields,10,20,3,1,0.3333333333333333,[1]
233,Martial et priapea,4 Fields,15,10,6,2,0.3333333333333333,"[1, 1]"
281,Small passages,Puer et al.,5,10,6,2,0.3333333333333333,"[2, 1]"
542,Small passages,4 Fields,20,10,3,1,0.3333333333333333,[1]
182,Martial et priapea,4 Fields,5,10,3,1,0.3333333333333333,[1]
545,Small passages,4 Fields,20,10,6,2,0.3333333333333333,"[1, 2]"
278,Small passages,Puer et al.,5,10,3,1,0.3333333333333333,[26]
551,Small passages,4 Fields,20,20,6,2,0.3333333333333333,"[1, 2]"
230,Martial et priapea,4 Fields,15,10,3,1,0.3333333333333333,[1]
272,Small passages,Puer et al.,5,5,3,1,0.3333333333333333,[1]
218,Martial et priapea,4 Fields,15,1,3,1,0.3333333333333333,[2]
323,Small passages,Puer et al.,15,5,6,2,0.3333333333333333,"[2, 1]"
266,Small passages,Puer et al.,5,1,3,1,0.3333333333333333,[1]
320,Small passages,Puer et al.,15,5,3,1,0.3333333333333333,[2]
191,Martial et priapea,4 Fields,5,20,6,2,0.3333333333333333,"[4, 4]"
188,Martial et priapea,4 Fields,5,20,3,1,0.3333333333333333,[4]
200,Martial et priapea,4 Fields,10,5,3,1,0.3333333333333333,[3]
290,Small passages,Puer et al.,10,1,3,1,0.3333333333333333,[1]
46,Martial et priapea,Puer et al.,15,1,6,2,0.3333333333333333,"[2, 1]"
395,Small passages,Carmen et al.,10,5,6,2,0.3333333333333333,"[2, 1]"
176,Martial et priapea,4 Fields,5,5,3,1,0.3333333333333333,[1]
500,Small passages,4 Fields,10,20,3,1,0.3333333333333333,[1]
410,Small passages,Carmen et al.,15,1,3,1,0.3333333333333333,[2]
107,Martial et priapea,Carmen et al.,10,1,3,1,0.3333333333333333,[2]
413,Small passages,Carmen et al.,15,1,6,2,0.3333333333333333,"[2, 1]"
422,Small passages,Carmen et al.,15,10,3,1,0.3333333333333333,[17]
428,Small passages,Carmen et al.,15,20,3,1,0.3333333333333333,[25]
89,Martial et priapea,Carmen et al.,5,1,3,1,0.3333333333333333,[1]
431,Small passages,Carmen et al.,15,20,6,2,0.3333333333333333,"[25, 6]"
434,Small passages,Carmen et al.,20,1,3,1,0.3333333333333333,[1]
80,Martial et priapea,Puer et al.,20,10,6,2,0.3333333333333333,"[1, 1]"
488,Small passages,4 Fields,10,5,3,1,0.3333333333333333,[1]
482,Small passages,4 Fields,10,1,3,1,0.3333333333333333,[1]
71,Martial et priapea,Puer et al.,20,5,3,1,0.3333333333333333,[1]
68,Martial et priapea,Puer et al.,20,1,6,2,0.3333333333333333,"[2, 1]"
65,Martial et priapea,Puer et al.,20,1,3,1,0.3333333333333333,[1]
470,Small passages,4 Fields,5,10,3,1,0.3333333333333333,[1]
43,Martial et priapea,Puer et al.,15,1,3,1,0.3333333333333333,[1]
58,Martial et priapea,Puer et al.,15,10,6,2,0.3333333333333333,"[1, 1]"
458,Small passages,4 Fields,5,1,3,1,0.3333333333333333,[1]
461,Small passages,4 Fields,5,1,6,2,0.3333333333333333,"[1, 1]"
49,Martial et priapea,Puer et al.,15,5,3,1,0.3333333333333333,[1]
464,Small passages,4 Fields,5,5,3,1,0.3333333333333333,[1]
124,Martial et priapea,Carmen et al.,10,20,3,1,0.3333333333333333,[2]
509,Small passages,4 Fields,15,1,6,2,0.3333333333333333,"[1, 1]"
0,Martial et priapea,Puer et al.,5,1,3,1,0.3333333333333333,[1]
515,Small passages,4 Fields,15,5,6,2,0.3333333333333333,"[1, 2]"
157,Martial et priapea,Carmen et al.,20,5,6,2,0.3333333333333333,"[1, 1]"
521,Small passages,4 Fields,15,10,6,2,0.3333333333333333,"[1, 1]"
518,Small passages,4 Fields,15,10,3,1,0.3333333333333333,[1]
127,Martial et priapea,Carmen et al.,15,1,3,1,0.3333333333333333,[2]
145,Martial et priapea,Carmen et al.,15,20,3,1,0.3333333333333333,[3]
362,Small passages,Carmen et al.,5,1,3,1,0.3333333333333333,[1]
512,Small passages,4 Fields,15,5,3,1,0.3333333333333333,[1]
139,Martial et priapea,Carmen et al.,15,10,3,1,0.3333333333333333,[2]
347,Small passages,Puer et al.,20,5,6,2,0.3333333333333333,"[2, 1]"
344,Small passages,Puer et al.,20,5,3,1,0.3333333333333333,[2]
133,Martial et priapea,Carmen et al.,15,5,3,1,0.3333333333333333,[1]
166,Martial et priapea,Carmen et al.,20,20,3,1,0.3333333333333333,[1]
527,Small passages,4 Fields,15,20,6,2,0.3333333333333333,"[1, 1]"
368,Small passages,Carmen et al.,5,5,3,1,0.3333333333333333,[1]
170,Martial et priapea,4 Fields,5,1,3,1,0.3333333333333333,[1]
24,Martial et priapea,Puer et al.,10,1,6,2,0.3333333333333333,"[1, 1]"
136,Martial et priapea,Carmen et al.,15,5,6,2,0.3333333333333333,"[1, 1]"
154,Martial et priapea,Carmen et al.,20,5,3,1,0.3333333333333333,[1]
241,Martial et priapea,4 Fields,15,20,8,3,0.375,"[2, 1, 5]"
529,Small passages,4 Fields,15,20,8,3,0.375,"[1, 1, 1]"
391,Small passages,Carmen et al.,10,1,8,3,0.375,"[1, 2, 1]"
319,Small passages,Puer et al.,15,1,8,3,0.375,"[1, 1, 2]"
427,Small passages,Carmen et al.,15,10,8,3,0.375,"[1, 1, 1]"
415,Small passages,Carmen et al.,15,1,8,3,0.375,"[2, 3, 1]"
547,Small passages,4 Fields,20,10,8,3,0.375,"[1, 1, 2]"
367,Small passages,Carmen et al.,5,1,8,3,0.375,"[1, 1, 5]"
409,Small passages,Carmen et al.,10,20,8,3,0.375,"[1, 3, 4]"
397,Small passages,Carmen et al.,10,5,8,3,0.375,"[2, 1, 1]"
523,Small passages,4 Fields,15,10,8,3,0.375,"[1, 1, 1]"
535,Small passages,4 Fields,20,1,8,3,0.375,"[1, 1, 2]"
553,Small passages,4 Fields,20,20,8,3,0.375,"[1, 2, 1]"
70,Martial et priapea,Puer et al.,20,1,8,3,0.375,"[2, 1, 2]"
60,Martial et priapea,Puer et al.,15,10,8,3,0.375,"[1, 1, 1]"
235,Martial et priapea,4 Fields,15,10,8,3,0.375,"[1, 1, 1]"
138,Martial et priapea,Carmen et al.,15,5,8,3,0.375,"[1, 1, 1]"
26,Martial et priapea,Puer et al.,10,1,8,3,0.375,"[1, 2, 1]"
178,Martial et priapea,4 Fields,5,5,5,2,0.4,"[1, 1]"
346,Small passages,Puer et al.,20,5,5,2,0.4,"[2, 1]"
156,Martial et priapea,Carmen et al.,20,5,5,2,0.4,"[1, 1]"
115,Martial et priapea,Carmen et al.,10,5,5,2,0.4,"[1, 1]"
322,Small passages,Puer et al.,15,5,5,2,0.4,"[2, 1]"
364,Small passages,Carmen et al.,5,1,5,2,0.4,"[1, 5]"
388,Small passages,Carmen et al.,10,1,5,2,0.4,"[2, 1]"
126,Martial et priapea,Carmen et al.,10,20,5,2,0.4,"[1, 1]"
316,Small passages,Puer et al.,15,1,5,2,0.4,"[2, 1]"
400,Small passages,Carmen et al.,10,10,5,2,0.4,"[1, 1]"
190,Martial et priapea,4 Fields,5,20,5,2,0.4,"[4, 4]"
184,Martial et priapea,4 Fields,5,10,5,2,0.4,"[2, 1]"
103,Martial et priapea,Carmen et al.,5,10,5,2,0.4,"[1, 1]"
232,Martial et priapea,4 Fields,15,10,5,2,0.4,"[1, 1]"
292,Small passages,Puer et al.,10,1,5,2,0.4,"[2, 1]"
544,Small passages,4 Fields,20,10,5,2,0.4,"[1, 2]"
538,Small passages,4 Fields,20,5,5,2,0.4,"[1, 1]"
532,Small passages,4 Fields,20,1,5,2,0.4,"[1, 1]"
19,Martial et priapea,Puer et al.,5,20,5,2,0.4,"[1, 1]"
520,Small passages,4 Fields,15,10,5,2,0.4,"[1, 1]"
514,Small passages,4 Fields,15,5,5,2,0.4,"[1, 2]"
430,Small passages,Carmen et al.,15,20,5,2,0.4,"[25, 6]"
23,Martial et priapea,Puer et al.,10,1,5,2,0.4,"[1, 1]"
35,Martial et priapea,Puer et al.,10,10,5,2,0.4,"[1, 1]"
484,Small passages,4 Fields,10,1,5,2,0.4,"[1, 1]"
466,Small passages,4 Fields,5,5,5,2,0.4,"[1, 1]"
460,Small passages,4 Fields,5,1,5,2,0.4,"[1, 1]"
57,Martial et priapea,Puer et al.,15,10,5,2,0.4,"[1, 1]"
67,Martial et priapea,Puer et al.,20,1,5,2,0.4,"[2, 1]"
502,Small passages,4 Fields,10,20,5,2,0.4,"[1, 1]"
214,Martial et priapea,4 Fields,10,20,5,2,0.4,"[5, 1]"
121,Martial et priapea,Carmen et al.,10,10,5,2,0.4,"[1, 1]"
256,Martial et priapea,4 Fields,20,10,5,2,0.4,"[2, 1]"
268,Small passages,Puer et al.,5,1,5,2,0.4,"[1, 1]"
59,Martial et priapea,Puer et al.,15,10,7,3,0.42857142857142855,"[1, 1, 1]"
504,Small passages,4 Fields,10,20,7,3,0.42857142857142855,"[1, 1, 1]"
25,Martial et priapea,Puer et al.,10,1,7,3,0.42857142857142855,"[1, 2, 1]"
510,Small passages,4 Fields,15,1,7,3,0.42857142857142855,"[1, 1, 2]"
402,Small passages,Carmen et al.,10,10,7,3,0.42857142857142855,"[1, 1, 1]"
516,Small passages,4 Fields,15,5,7,3,0.42857142857142855,"[1, 2, 1]"
117,Martial et priapea,Carmen et al.,10,5,7,3,0.42857142857142855,"[1, 1, 1]"
294,Small passages,Puer et al.,10,1,7,3,0.42857142857142855,"[1, 1, 2]"
270,Small passages,Puer et al.,5,1,7,3,0.42857142857142855,"[1, 3, 1]"
522,Small passages,4 Fields,15,10,7,3,0.42857142857142855,"[1, 1, 1]"
408,Small passages,Carmen et al.,10,20,7,3,0.42857142857142855,"[1, 3, 4]"
210,Martial et priapea,4 Fields,10,10,7,3,0.42857142857142855,"[1, 1, 1]"
164,Martial et priapea,Carmen et al.,20,10,7,3,0.42857142857142855,"[1, 1, 1]"
396,Small passages,Carmen et al.,10,5,7,3,0.42857142857142855,"[2, 1, 1]"
552,Small passages,4 Fields,20,20,7,3,0.42857142857142855,"[1, 2, 1]"
366,Small passages,Carmen et al.,5,1,7,3,0.42857142857142855,"[1, 1, 5]"
216,Martial et priapea,4 Fields,10,20,7,3,0.42857142857142855,"[4, 1, 1]"
4,Martial et priapea,Puer et al.,5,1,7,3,0.42857142857142855,"[1, 1, 1]"
528,Small passages,4 Fields,15,20,7,3,0.42857142857142855,"[1, 1, 1]"
372,Small passages,Carmen et al.,5,5,7,3,0.42857142857142855,"[1, 1, 1]"
546,Small passages,4 Fields,20,10,7,3,0.42857142857142855,"[1, 1, 2]"
228,Martial et priapea,4 Fields,15,5,7,3,0.42857142857142855,"[1, 2, 1]"
318,Small passages,Puer et al.,15,1,7,3,0.42857142857142855,"[1, 1, 2]"
534,Small passages,4 Fields,20,1,7,3,0.42857142857142855,"[1, 1, 2]"
492,Small passages,4 Fields,10,5,7,3,0.42857142857142855,"[1, 2, 1]"
84,Martial et priapea,Puer et al.,20,20,4,2,0.5,"[1, 1]"
78,Martial et priapea,Puer et al.,20,10,4,2,0.5,"[1, 1]"
86,Martial et priapea,Puer et al.,20,20,6,3,0.5,"[1, 1, 1]"
72,Martial et priapea,Puer et al.,20,5,4,2,0.5,"[1, 1]"
429,Small passages,Carmen et al.,15,20,4,2,0.5,"[25, 6]"
94,Martial et priapea,Carmen et al.,5,1,8,4,0.5,"[2, 1, 1, 1]"
66,Martial et priapea,Puer et al.,20,1,4,2,0.5,"[2, 1]"
275,Small passages,Puer et al.,5,5,6,3,0.5,"[1, 1, 1]"
407,Small passages,Carmen et al.,10,20,6,3,0.5,"[1, 3, 4]"
112,Martial et priapea,Carmen et al.,10,1,8,4,0.5,"[1, 1, 1, 2]"
116,Martial et priapea,Carmen et al.,10,5,6,3,0.5,"[1, 1, 1]"
403,Small passages,Carmen et al.,10,10,8,4,0.5,"[8, 1, 1, 1]"
62,Martial et priapea,Puer et al.,15,20,4,2,0.5,"[1, 1]"
118,Martial et priapea,Carmen et al.,10,5,8,4,0.5,"[1, 1, 1, 1]"
120,Martial et priapea,Carmen et al.,10,10,4,2,0.5,"[1, 2]"
389,Small passages,Carmen et al.,10,1,6,3,0.5,"[2, 2, 1]"
130,Martial et priapea,Carmen et al.,15,1,6,3,0.5,"[1, 2, 1]"
375,Small passages,Carmen et al.,5,10,4,2,0.5,"[1, 1]"
369,Small passages,Carmen et al.,5,5,4,2,0.5,"[1, 1]"
96,Martial et priapea,Carmen et al.,5,5,4,2,0.5,"[1, 1]"
401,Small passages,Carmen et al.,10,10,6,3,0.5,"[1, 1, 1]"
471,Small passages,4 Fields,5,10,4,2,0.5,"[1, 1]"
459,Small passages,4 Fields,5,1,4,2,0.5,"[1, 1]"
3,Martial et priapea,Puer et al.,5,1,6,3,0.5,"[1, 1, 1]"
543,Small passages,4 Fields,20,10,4,2,0.5,"[1, 2]"
541,Small passages,4 Fields,20,5,8,4,0.5,"[1, 1, 2, 1]"
539,Small passages,4 Fields,20,5,6,3,0.5,"[1, 1, 2]"
537,Small passages,4 Fields,20,5,4,2,0.5,"[1, 1]"
533,Small passages,4 Fields,20,1,6,3,0.5,"[1, 1, 2]"
227,Martial et priapea,4 Fields,15,5,6,3,0.5,"[1, 2, 1]"
15,Martial et priapea,Puer et al.,5,10,6,3,0.5,"[1, 1, 1]"
20,Martial et priapea,Puer et al.,5,20,6,3,0.5,"[1, 1, 1]"
519,Small passages,4 Fields,15,10,4,2,0.5,"[1, 1]"
517,Small passages,4 Fields,15,5,8,4,0.5,"[1, 2, 1, 1]"
22,Martial et priapea,Puer et al.,10,1,4,2,0.5,"[1, 1]"
513,Small passages,4 Fields,15,5,4,2,0.5,"[1, 2]"
54,Martial et priapea,Puer et al.,15,5,8,4,0.5,"[1, 1, 1, 1]"
511,Small passages,4 Fields,15,1,8,4,0.5,"[2, 1, 1, 2]"
503,Small passages,4 Fields,10,20,6,3,0.5,"[1, 1, 1]"
499,Small passages,4 Fields,10,10,8,4,0.5,"[1, 2, 1, 1]"
493,Small passages,4 Fields,10,5,8,4,0.5,"[1, 2, 1, 1]"
491,Small passages,4 Fields,10,5,6,3,0.5,"[1, 2, 1]"
489,Small passages,4 Fields,10,5,4,2,0.5,"[1, 2]"
485,Small passages,4 Fields,10,1,6,3,0.5,"[1, 1, 4]"
475,Small passages,4 Fields,5,10,8,4,0.5,"[1, 1, 1, 1]"
473,Small passages,4 Fields,5,10,6,3,0.5,"[2, 1, 1]"
365,Small passages,Carmen et al.,5,1,6,3,0.5,"[1, 1, 5]"
469,Small passages,4 Fields,5,5,8,4,0.5,"[1, 1, 1, 1]"
465,Small passages,4 Fields,5,5,4,2,0.5,"[1, 1]"
463,Small passages,4 Fields,5,1,8,4,0.5,"[1, 1, 1, 4]"
48,Martial et priapea,Puer et al.,15,1,8,4,0.5,"[2, 1, 2, 2]"
505,Small passages,4 Fields,10,20,8,4,0.5,"[1, 1, 1, 1]"
263,Martial et priapea,4 Fields,20,20,6,3,0.5,"[2, 1, 1]"
105,Martial et priapea,Carmen et al.,5,20,4,2,0.5,"[1, 1]"
201,Martial et priapea,4 Fields,10,5,4,2,0.5,"[1, 3]"
341,Small passages,Puer et al.,20,1,6,3,0.5,"[1, 1, 1]"
339,Small passages,Puer et al.,20,1,4,2,0.5,"[1, 1]"
167,Martial et priapea,Carmen et al.,20,20,4,2,0.5,"[1, 1]"
161,Martial et priapea,Carmen et al.,20,10,4,2,0.5,"[6, 1]"
171,Martial et priapea,4 Fields,5,1,4,2,0.5,"[1, 1]"
211,Martial et priapea,4 Fields,10,10,8,4,0.5,"[2, 1, 1, 1]"
273,Small passages,Puer et al.,5,5,4,2,0.5,"[1, 1]"
215,Martial et priapea,4 Fields,10,20,6,3,0.5,"[5, 1, 1]"
291,Small passages,Puer et al.,10,1,4,2,0.5,"[2, 1]"
217,Martial et priapea,4 Fields,10,20,8,4,0.5,"[4, 2, 1, 1]"
175,Martial et priapea,4 Fields,5,1,8,4,0.5,"[1, 1, 1, 1]"
179,Martial et priapea,4 Fields,5,5,6,3,0.5,"[1, 2, 1]"
293,Small passages,Puer et al.,10,1,6,3,0.5,"[1, 1, 2]"
271,Small passages,Puer et al.,5,1,8,4,0.5,"[1, 3, 2, 1]"
183,Martial et priapea,4 Fields,5,10,4,2,0.5,"[2, 1]"
311,Small passages,Puer et al.,10,20,6,3,0.5,"[2, 20, 10]"
185,Martial et priapea,4 Fields,5,10,6,3,0.5,"[2, 2, 1]"
315,Small passages,Puer et al.,15,1,4,2,0.5,"[2, 1]"
317,Small passages,Puer et al.,15,1,6,3,0.5,"[1, 1, 2]"
265,Martial et priapea,4 Fields,20,20,8,4,0.5,"[1, 1, 1, 1]"
277,Small passages,Puer et al.,5,5,8,4,0.5,"[1, 1, 1, 1]"
209,Martial et priapea,4 Fields,10,10,6,3,0.5,"[1, 1, 1]"
279,Small passages,Puer et al.,5,10,4,2,0.5,"[1, 25]"
153,Martial et priapea,Carmen et al.,20,1,8,4,0.5,"[2, 1, 1, 2]"
269,Small passages,Puer et al.,5,1,6,3,0.5,"[1, 3, 1]"
295,Small passages,Puer et al.,10,1,8,4,0.5,"[1, 1, 1, 2]"
321,Small passages,Puer et al.,15,5,4,2,0.5,"[2, 1]"
189,Martial et priapea,4 Fields,5,20,4,2,0.5,"[4, 4]"
187,Martial et priapea,4 Fields,5,10,8,4,0.5,"[2, 1, 2, 1]"
258,Martial et priapea,4 Fields,20,10,7,4,0.5714285714285714,"[7, 18, 2, 1]"
47,Martial et priapea,Puer et al.,15,1,7,4,0.5714285714285714,"[2, 1, 2, 2]"
312,Small passages,Puer et al.,10,20,7,4,0.5714285714285714,"[13, 7, 2, 10]"
468,Small passages,4 Fields,5,5,7,4,0.5714285714285714,"[1, 1, 1, 1]"
99,Martial et priapea,Carmen et al.,5,5,7,4,0.5714285714285714,"[1, 1, 1, 1]"
174,Martial et priapea,4 Fields,5,1,7,4,0.5714285714285714,"[1, 1, 1, 1]"
186,Martial et priapea,4 Fields,5,10,7,4,0.5714285714285714,"[2, 1, 2, 1]"
342,Small passages,Puer et al.,20,1,7,4,0.5714285714285714,"[1, 1, 1, 2]"
111,Martial et priapea,Carmen et al.,10,1,7,4,0.5714285714285714,"[1, 1, 1, 2]"
75,Martial et priapea,Puer et al.,20,5,7,4,0.5714285714285714,"[1, 1, 1, 1]"
276,Small passages,Puer et al.,5,5,7,4,0.5714285714285714,"[1, 1, 1, 1]"
31,Martial et priapea,Puer et al.,10,5,7,4,0.5714285714285714,"[1, 1, 1, 1]"
152,Martial et priapea,Carmen et al.,20,1,7,4,0.5714285714285714,"[1, 2, 2, 1]"
486,Small passages,4 Fields,10,1,7,4,0.5714285714285714,"[1, 1, 1, 4]"
158,Martial et priapea,Carmen et al.,20,5,7,4,0.5714285714285714,"[1, 1, 1, 1]"
37,Martial et priapea,Puer et al.,10,10,7,4,0.5714285714285714,"[1, 1, 1, 1]"
390,Small passages,Carmen et al.,10,1,7,4,0.5714285714285714,"[2, 1, 2, 1]"
378,Small passages,Carmen et al.,5,10,7,4,0.5714285714285714,"[2, 1, 1, 1]"
540,Small passages,4 Fields,20,5,7,4,0.5714285714285714,"[1, 1, 2, 1]"
172,Martial et priapea,4 Fields,5,1,5,3,0.6,"[1, 1, 1]"
370,Small passages,Carmen et al.,5,5,5,3,0.6,"[1, 1, 1]"
472,Small passages,4 Fields,5,10,5,3,0.6,"[2, 1, 1]"
280,Small passages,Puer et al.,5,10,5,3,0.6,"[2, 1, 25]"
63,Martial et priapea,Puer et al.,15,20,5,3,0.6,"[1, 1, 1]"
244,Martial et priapea,4 Fields,20,1,5,3,0.6,"[2, 2, 1]"
97,Martial et priapea,Carmen et al.,5,5,5,3,0.6,"[1, 1, 1]"
85,Martial et priapea,Puer et al.,20,20,5,3,0.6,"[1, 1, 1]"
79,Martial et priapea,Puer et al.,20,10,5,3,0.6,"[3, 1, 1]"
51,Martial et priapea,Puer et al.,15,5,5,3,0.6,"[1, 1, 1]"
376,Small passages,Carmen et al.,5,10,5,3,0.6,"[1, 1, 1]"
73,Martial et priapea,Puer et al.,20,5,5,3,0.6,"[1, 1, 1]"
220,Martial et priapea,4 Fields,15,1,5,3,0.6,"[2, 1, 2]"
490,Small passages,4 Fields,10,5,5,3,0.6,"[1, 2, 1]"
226,Martial et priapea,4 Fields,15,5,5,3,0.6,"[1, 2, 1]"
250,Martial et priapea,4 Fields,20,5,5,3,0.6,"[2, 1, 2]"
310,Small passages,Puer et al.,10,20,5,3,0.6,"[2, 20, 10]"
2,Martial et priapea,Puer et al.,5,1,5,3,0.6,"[1, 1, 1]"
340,Small passages,Puer et al.,20,1,5,3,0.6,"[1, 1, 1]"
274,Small passages,Puer et al.,5,5,5,3,0.6,"[1, 1, 1]"
106,Martial et priapea,Carmen et al.,5,20,5,3,0.6,"[1, 1, 1]"
202,Martial et priapea,4 Fields,10,5,5,3,0.6,"[1, 2, 1]"
259,Martial et priapea,4 Fields,20,10,8,5,0.625,"[1, 1, 2, 1, 18]"
487,Small passages,4 Fields,10,1,8,5,0.625,"[1, 1, 1, 4, 1]"
199,Martial et priapea,4 Fields,10,1,8,5,0.625,"[3, 3, 1, 1, 2]"
223,Martial et priapea,4 Fields,15,1,8,5,0.625,"[2, 1, 1, 1, 2]"
229,Martial et priapea,4 Fields,15,5,8,5,0.625,"[1, 1, 2, 1, 1]"
132,Martial et priapea,Carmen et al.,15,1,8,5,0.625,"[1, 1, 1, 1, 2]"
76,Martial et priapea,Puer et al.,20,5,8,5,0.625,"[1, 1, 1, 1, 1]"
247,Martial et priapea,4 Fields,20,1,8,5,0.625,"[1, 1, 1, 2, 2]"
5,Martial et priapea,Puer et al.,5,1,8,5,0.625,"[1, 1, 1, 1, 1]"
343,Small passages,Puer et al.,20,1,8,5,0.625,"[1, 1, 2, 1, 1]"
313,Small passages,Puer et al.,10,20,8,5,0.625,"[7, 16, 13, 2, 10]"
253,Martial et priapea,4 Fields,20,5,8,5,0.625,"[1, 1, 1, 2, 1]"
88,Martial et priapea,Puer et al.,20,20,8,5,0.625,"[1, 1, 1, 1, 1]"
159,Martial et priapea,Carmen et al.,20,5,8,5,0.625,"[1, 1, 1, 1, 1]"
251,Martial et priapea,4 Fields,20,5,6,4,0.6666666666666666,"[1, 1, 2, 2]"
52,Martial et priapea,Puer et al.,15,5,6,4,0.6666666666666666,"[1, 1, 1, 1]"
371,Small passages,Carmen et al.,5,5,6,4,0.6666666666666666,"[1, 2, 1, 1]"
467,Small passages,4 Fields,5,5,6,4,0.6666666666666666,"[1, 1, 1, 1]"
92,Martial et priapea,Carmen et al.,5,1,6,4,0.6666666666666666,"[1, 87, 1, 1]"
74,Martial et priapea,Puer et al.,20,5,6,4,0.6666666666666666,"[1, 1, 1, 1]"
377,Small passages,Carmen et al.,5,10,6,4,0.6666666666666666,"[2, 1, 1, 1]"
221,Martial et priapea,4 Fields,15,1,6,4,0.6666666666666666,"[2, 1, 2, 1]"
142,Martial et priapea,Carmen et al.,15,10,6,4,0.6666666666666666,"[1, 1, 1, 1]"
173,Martial et priapea,4 Fields,5,1,6,4,0.6666666666666666,"[1, 1, 1, 1]"
203,Martial et priapea,4 Fields,10,5,6,4,0.6666666666666666,"[1, 1, 2, 1]"
245,Martial et priapea,4 Fields,20,1,6,4,0.6666666666666666,"[2, 1, 1, 2]"
110,Martial et priapea,Carmen et al.,10,1,6,4,0.6666666666666666,"[1, 1, 1, 2]"
197,Martial et priapea,4 Fields,10,1,6,4,0.6666666666666666,"[2, 3, 1, 1]"
151,Martial et priapea,Carmen et al.,20,1,6,4,0.6666666666666666,"[2, 1, 1, 2]"
222,Martial et priapea,4 Fields,15,1,7,5,0.7142857142857143,"[2, 1, 1, 1, 2]"
246,Martial et priapea,4 Fields,20,1,7,5,0.7142857142857143,"[1, 1, 1, 2, 2]"
252,Martial et priapea,4 Fields,20,5,7,5,0.7142857142857143,"[1, 1, 1, 2, 1]"
131,Martial et priapea,Carmen et al.,15,1,7,5,0.7142857142857143,"[1, 1, 1, 1, 2]"
204,Martial et priapea,4 Fields,10,5,7,5,0.7142857142857143,"[1, 1, 1, 2, 1]"
180,Martial et priapea,4 Fields,5,5,7,5,0.7142857142857143,"[1, 2, 1, 2, 1]"
198,Martial et priapea,4 Fields,10,1,7,5,0.7142857142857143,"[3, 3, 1, 1, 2]"
93,Martial et priapea,Carmen et al.,5,1,7,5,0.7142857142857143,"[2, 1, 1, 87, 1]"
480,Small passages,4 Fields,5,20,7,5,0.7142857142857143,"[2, 1, 1, 49, 1]"
10,Martial et priapea,Puer et al.,5,5,7,5,0.7142857142857143,"[1, 1, 1, 1, 1]"
53,Martial et priapea,Puer et al.,15,5,7,5,0.7142857142857143,"[1, 2, 1, 1, 1]"
87,Martial et priapea,Puer et al.,20,20,7,5,0.7142857142857143,"[2, 1, 1, 1, 1]"
32,Martial et priapea,Puer et al.,10,5,8,6,0.75,"[3, 1, 1, 1, 1, 1]"
144,Martial et priapea,Carmen et al.,15,10,8,6,0.75,"[1, 1, 1, 1, 1, 1]"
181,Martial et priapea,4 Fields,5,5,8,6,0.75,"[1, 1, 2, 1, 2, 1]"
373,Small passages,Carmen et al.,5,5,8,6,0.75,"[1, 1, 1, 1, 1, 1]"
379,Small passages,Carmen et al.,5,10,8,6,0.75,"[1, 1, 1, 4, 1, 2]"
11,Martial et priapea,Puer et al.,5,5,8,6,0.75,"[1, 1, 2, 1, 1, 1]"
165,Martial et priapea,Carmen et al.,20,10,8,6,0.75,"[1, 1, 1, 1, 1, 1]"
205,Martial et priapea,4 Fields,10,5,8,6,0.75,"[1, 1, 1, 1, 2, 1]"
21,Martial et priapea,Puer et al.,10,1,3,3,1.0,"[1, 176, 1]"
30,Martial et priapea,Puer et al.,10,5,6,6,1.0,"[1, 19, 1, 4, 1, 1]"
196,Martial et priapea,4 Fields,10,1,5,5,1.0,"[155, 3, 1, 1, 2]"
6,Martial et priapea,Puer et al.,5,5,3,3,1.0,"[11, 1, 2]"
7,Martial et priapea,Puer et al.,5,5,4,4,1.0,"[2, 9, 1, 2]"
8,Martial et priapea,Puer et al.,5,5,5,5,1.0,"[1, 9, 1, 1, 2]"
284,Small passages,Puer et al.,5,20,3,3,1.0,"[1, 15, 32]"
285,Small passages,Puer et al.,5,20,4,4,1.0,"[12, 1, 20, 15]"
9,Martial et priapea,Puer et al.,5,5,6,6,1.0,"[1, 1, 9, 1, 1, 1]"
27,Martial et priapea,Puer et al.,10,5,3,3,1.0,"[1, 24, 2]"
29,Martial et priapea,Puer et al.,10,5,5,5,1.0,"[1, 20, 1, 4, 1]"
287,Small passages,Puer et al.,5,20,6,6,1.0,"[5, 1, 10, 12, 15, 5]"
288,Small passages,Puer et al.,5,20,7,7,1.0,"[5, 1, 1, 12, 15, 9, 5]"
12,Martial et priapea,Puer et al.,5,10,3,3,1.0,"[1, 6, 1]"
13,Martial et priapea,Puer et al.,5,10,4,4,1.0,"[2, 1, 4, 1]"
289,Small passages,Puer et al.,5,20,8,8,1.0,"[1, 5, 1, 12, 14, 1, 9, 5]"
14,Martial et priapea,Puer et al.,5,10,5,5,1.0,"[1, 1, 2, 1, 3]"
16,Martial et priapea,Puer et al.,5,10,7,7,1.0,"[1, 2, 1, 1, 1, 1, 1]"
17,Martial et priapea,Puer et al.,5,20,3,3,1.0,"[2, 3, 2]"
195,Martial et priapea,4 Fields,10,1,4,4,1.0,"[2, 3, 1, 156]"
243,Martial et priapea,4 Fields,20,1,4,4,1.0,"[2, 2, 214, 1]"
286,Small passages,Puer et al.,5,20,5,5,1.0,"[5, 1, 12, 20, 10]"
242,Martial et priapea,4 Fields,20,1,3,3,1.0,"[2, 2, 215]"
149,Martial et priapea,Carmen et al.,20,1,4,4,1.0,"[155, 1, 2, 2]"
34,Martial et priapea,Puer et al.,10,10,4,4,1.0,"[2, 1, 1, 6]"
257,Martial et priapea,4 Fields,20,10,6,6,1.0,"[1, 2, 7, 2, 3, 18]"
108,Martial et priapea,Carmen et al.,10,1,4,4,1.0,"[128, 2, 1, 1]"
109,Martial et priapea,Carmen et al.,10,1,5,5,1.0,"[1, 1, 127, 1, 2]"
169,Martial et priapea,Carmen et al.,20,20,6,6,1.0,"[1, 1, 1, 2, 1, 1]"
168,Martial et priapea,Carmen et al.,20,20,5,5,1.0,"[3, 1, 1, 1, 1]"
225,Martial et priapea,4 Fields,15,5,4,4,1.0,"[1, 47, 2, 1]"
122,Martial et priapea,Carmen et al.,10,10,6,6,1.0,"[3, 1, 1, 1, 1, 1]"
123,Martial et priapea,Carmen et al.,10,10,7,7,1.0,"[1, 1, 1, 1, 1, 1, 2]"
224,Martial et priapea,4 Fields,15,5,3,3,1.0,"[48, 2, 1]"
128,Martial et priapea,Carmen et al.,15,1,4,4,1.0,"[2, 1, 140, 2]"
129,Martial et priapea,Carmen et al.,15,1,5,5,1.0,"[139, 2, 1, 1, 2]"
160,Martial et priapea,Carmen et al.,20,10,3,3,1.0,"[6, 4, 1]"
385,Small passages,Carmen et al.,5,20,8,8,1.0,"[1, 1, 1, 11, 6, 1, 5, 1]"
384,Small passages,Carmen et al.,5,20,7,7,1.0,"[1, 12, 1, 1, 6, 1, 5]"
383,Small passages,Carmen et al.,5,20,6,6,1.0,"[12, 1, 6, 1, 6, 1]"
382,Small passages,Carmen et al.,5,20,5,5,1.0,"[1, 6, 18, 1, 1]"
381,Small passages,Carmen et al.,5,20,4,4,1.0,"[18, 7, 1, 1]"
380,Small passages,Carmen et al.,5,20,3,3,1.0,"[18, 1, 8]"
374,Small passages,Carmen et al.,5,10,3,3,1.0,"[64, 1, 1]"
143,Martial et priapea,Carmen et al.,15,10,7,7,1.0,"[3, 1, 1, 1, 1, 1, 1]"
146,Martial et priapea,Carmen et al.,15,20,4,4,1.0,"[3, 1, 1, 1]"
147,Martial et priapea,Carmen et al.,15,20,5,5,1.0,"[1, 1, 2, 1, 1]"
148,Martial et priapea,Carmen et al.,20,1,3,3,1.0,"[156, 2, 2]"
102,Martial et priapea,Carmen et al.,5,10,4,4,1.0,"[2, 2, 1, 1]"
101,Martial et priapea,Carmen et al.,5,10,3,3,1.0,"[3, 2, 1]"
100,Martial et priapea,Carmen et al.,5,5,8,8,1.0,"[3, 1, 1, 1, 1, 1, 1, 1]"
98,Martial et priapea,Carmen et al.,5,5,6,6,1.0,"[1, 1, 1, 4, 1, 2]"
248,Martial et priapea,4 Fields,20,5,3,3,1.0,"[54, 2, 1]"
36,Martial et priapea,Puer et al.,10,10,6,6,1.0,"[1, 1, 2, 1, 1, 4]"
194,Martial et priapea,4 Fields,10,1,3,3,1.0,"[157, 3, 2]"
308,Small passages,Puer et al.,10,20,3,3,1.0,"[2, 67, 30]"
309,Small passages,Puer et al.,10,20,4,4,1.0,"[2, 67, 20, 10]"
249,Martial et priapea,4 Fields,20,5,4,4,1.0,"[52, 2, 1, 2]"
38,Martial et priapea,Puer et al.,10,10,8,8,1.0,"[1, 1, 1, 1, 3, 1, 1, 1]"
39,Martial et priapea,Puer et al.,10,20,3,3,1.0,"[2, 4, 1]"
481,Small passages,4 Fields,5,20,8,8,1.0,"[1, 2, 1, 1, 49, 1, 1, 1]"
479,Small passages,4 Fields,5,20,6,6,1.0,"[2, 1, 1, 49, 3, 1]"
478,Small passages,4 Fields,5,20,5,5,1.0,"[51, 1, 1, 3, 1]"
33,Martial et priapea,Puer et al.,10,10,3,3,1.0,"[8, 1, 1]"
477,Small passages,4 Fields,5,20,4,4,1.0,"[4, 51, 1, 1]"
41,Martial et priapea,Puer et al.,10,20,5,5,1.0,"[1, 1, 1, 3, 1]"
42,Martial et priapea,Puer et al.,10,20,6,6,1.0,"[1, 1, 1, 1, 1, 2]"
55,Martial et priapea,Puer et al.,15,10,3,3,1.0,"[13, 1, 1]"
150,Martial et priapea,Carmen et al.,20,1,5,5,1.0,"[154, 2, 1, 1, 2]"
61,Martial et priapea,Puer et al.,15,20,3,3,1.0,"[1, 5, 1]"
64,Martial et priapea,Puer et al.,15,20,6,6,1.0,"[1, 1, 1, 1, 1, 2]"
254,Martial et priapea,4 Fields,20,10,3,3,1.0,"[25, 2, 6]"
77,Martial et priapea,Puer et al.,20,10,3,3,1.0,"[19, 1, 1]"
90,Martial et priapea,Carmen et al.,5,1,4,4,1.0,"[92, 1, 1, 1]"
91,Martial et priapea,Carmen et al.,5,1,5,5,1.0,"[1, 1, 5, 1, 87]"
95,Martial et priapea,Carmen et al.,5,5,3,3,1.0,"[1, 1, 8]"
476,Small passages,4 Fields,5,20,3,3,1.0,"[51, 5, 1]"
56,Martial et priapea,Puer et al.,15,10,4,4,1.0,"[3, 1, 1, 10]"
