form	lemma	POS	morph	treated_token
Dilectissimis	dilectus2	ADJqua	Case=Abl|Numb=Plur|Deg=Sup	dilectissimis
et	et2	CONcoo	MORPH=empty	et
beatissimis	beatus	ADJqua	Case=Abl|Numb=Plur|Deg=Sup	beatissimis
consacerdotibus	consacerdos	NOMcom	Case=Abl|Numb=Plur	consacerdotibus
episcopis	episcops	NOMcom	Case=Gen|Numb=Sing	episcopis
Orientalibus	orientalis	ADJqua	Case=Abl|Numb=Plur|Deg=Pos	orientalibus
omnibus	omnis	PROind	Case=Abl|Numb=Plur	omnibus
per	per	PRE	MORPH=empty	per
diuersas	diuersus	ADJqua	Case=Acc|Numb=Plur|Deg=Pos	diuersas
prouincias	prouincia	NOMcom	Case=Acc|Numb=Plur	prouincias
in	in	PRE	MORPH=empty	in
Christo	christor	NOMcom	Case=Abl|Numb=Sing	christo
manentibus	maneo	VER	Case=Abl|Numb=Plur|Mood=Par|Tense=Pres|Voice=Act	manentibus
Gallicani	gallicanus	ADJqua	Case=Gen|Numb=Sing|Deg=Pos	gallicani
episcopi	episcops	NOMcom	Case=Dat|Numb=Sing	episcopi
salutem	salus	NOMcom	Case=Acc|Numb=Sing	salutem
.	.	PUNC	MORPH=empty	.
Omni	omnis	PROind	Case=Abl|Numb=Sing	omni
quidem	quidem	ADV	Deg=Pos	quidem
uitae	uita	NOMcom	Case=Gen|Numb=Sing	uitae
nostrae	noster	PROpos	Case=Gen|Numb=Sing	nostrae
fidei	fides?	NOMcom	Case=Dat|Numb=Sing	fidei
-que	que	CONcoo	MORPH=empty	-que
sensu	sensus	NOMcom	Case=Abl|Numb=Sing	sensu
gratias	gratia	NOMcom	Case=Acc|Numb=Plur	gratias
deo	deus	NOMcom	Case=Dat|Numb=Sing	deo
patri	pater	NOMcom	Case=Dat|Numb=Sing	patri
per	per	PRE	MORPH=empty	per
dominum	dominus	NOMcom	Case=Acc|Numb=Sing	dominum
nostrum	noster	PROpos	Case=Acc|Numb=Sing	nostrum
Iesum	iesum	VER	Case=Acc|Numb=Sing|Mood=Par|Tense=Perf|Voice=Pass	iesum
Christum	christes	NOMcom	Case=Acc|Numb=Sing	christum
confitemur	confiteor	VER	Numb=Plur|Mood=Ind|Tense=Pres|Voice=Dep|Person=1	confitemur
quod	quod2	CONsub	MORPH=empty	quod
nos	nos	PROper	Case=Acc|Numb=Plur	nos
in	in	PRE	MORPH=empty	in
lumine	lumen	NOMcom	Case=Abl|Numb=Sing	lumine
scientiae	scientia	NOMcom	Case=Gen|Numb=Sing	scientiae
confessionis	confessio	NOMcom	Case=Gen|Numb=Sing	confessionis
suae	suus	PROpos.ref	Case=Gen|Numb=Sing	suae
doctrinis	doctrina	NOMcom	Case=Abl|Numb=Plur	doctrinis
et	et2	CONcoo	MORPH=empty	et
propheticis	propheticus	ADJqua	Case=Abl|Numb=Plur|Deg=Pos	propheticis
et	et2	CONcoo	MORPH=empty	et
apostolicis	apostolicus	ADJqua	Case=Abl|Numb=Plur	apostolicis
conlocauit	colloco	VER	Numb=Sing|Mood=Ind|Tense=Perf|Voice=Act|Person=3	conlocauit
ne	ne4	CONsub	MORPH=empty	ne
saecularis	saecularis	ADJqua	Case=Gen|Numb=Sing|Deg=Pos	saecularis
imperitiae	imperitia	NOMcom	Case=Gen|Numb=Sing	imperitiae
tenebris	tenebrae	NOMcom	Case=Abl|Numb=Plur	tenebris
detenti	detineo	VER	Case=Nom|Numb=Plur|Mood=Par|Tense=Perf|Voice=Pass	detenti
iudicio	iudicium	NOMcom	Case=Abl|Numb=Sing	iudicio
saeculi	saeculum	NOMcom	Case=Gen|Numb=Sing	saeculi
teneremur	teneo	VER	Numb=Plur|Mood=Sub|Tense=Impa|Voice=Pass|Person=1	teneremur
cum	cum3	CONsub	MORPH=empty	cum
sola	solus	PROind	Case=Nom|Numb=Sing	sola
spes	spes	NOMcom	Case=Nom|Numb=Sing	spes
sit	sum1	VER	Numb=Sing|Mood=Sub|Tense=Pres|Voice=Act|Person=3	sit
plenissima	plenus	ADJqua	Case=Nom|Numb=Sing|Deg=Sup	plenissima
ad	ad2	PRE	MORPH=empty	ad
salutem	salus	NOMcom	Case=Acc|Numb=Sing	salutem
deum	deus	NOMcom	Case=Gen|Numb=Sing	deum
patrem	pater	NOMcom	Case=Acc|Numb=Sing	patrem
omnipotentem	omnipotens	ADJqua	Case=Acc|Numb=Sing|Deg=Pos	omnipotentem
per	per	PRE	MORPH=empty	per
unigenitum	unigenitus	ADJqua	Case=Acc|Numb=Sing|Deg=Pos	unigenitum
eius	is	PROdem	Case=Gen|Numb=Sing	eius
dominum	dominus	NOMcom	Case=Acc|Numb=Sing	dominum
Iesum	iedo	VER	Case=Acc|Numb=Sing|Mood=Par|Tense=Perf|Voice=Pass	iesum
Christum	christo	NOMcom	Case=Acc|Numb=Sing	christum
in	in	PRE	MORPH=empty	in
sancto	sanctus	ADJqua	Case=Abl|Numb=Sing|Deg=Pos	sancto
spiritu	spiritus	NOMcom	Case=Abl|Numb=Sing	spiritu
confiteri	confiteor	VER	Mood=Inf|Tense=Pres|Voice=Dep	confiteri
.	.	PUNC	MORPH=empty	.
sed	sed	CONcoo	MORPH=empty	sed
plane	plane	ADV	Deg=Pos	plane
non	non	ADVneg	MORPH=empty	non
minor	paruus2	ADJqua	Case=Nom|Numb=Sing|Deg=Comp	minor
cotidie	cotidie	ADV	Deg=Pos	cotidie
gratulationis	gratulatio	NOMcom	Case=Gen|Numb=Sing	gratulationis
nostrae	noster	PROpos	Case=Gen|Numb=Sing	nostrae
causa	causa	NOMcom	Case=Nom|Numb=Sing	causa
cumulatur	cumulo	VER	Numb=Sing|Mood=Ind|Tense=Pres|Voice=Pass|Person=3	cumulatur
.	.	PUNC	MORPH=empty	.
quod	qui1	PROrel	Case=Acc|Numb=Sing	quod
liberans	libero	VER	Case=Nom|Numb=Sing|Mood=Par|Tense=Pres|Voice=Act	liberans
nos	nos	PROper	Case=Acc|Numb=Plur	nos
ab	ab	PRE	MORPH=empty	ab
errore	error	NOMcom	Case=Abl|Numb=Sing	errore
mundi	mundus1	NOMcom	Case=Gen|Numb=Sing	mundi
nunc	nunc	ADV	Deg=Pos	nunc
etiam	etiam	ADV	Deg=Pos	etiam
inexpiabili	inexpiabilis	ADJqua	Case=Abl|Numb=Sing|Deg=Pos	inexpiabili
hereticorum	hereticus	NOMcom	Case=Gen|Numb=Plur	hereticorum
admisceri	admisceo	VER	Mood=Inf|Tense=Pres|Voice=Pass	admisceri
non	non	ADVneg	MORPH=empty	non
patitur	patior	VER	Numb=Sing|Mood=Ind|Tense=Pres|Voice=Dep|Person=3	patitur
societati	societas	NOMcom	Case=Dat|Numb=Sing	societati
.	.	PUNC	MORPH=empty	.
ex	ex	PRE	MORPH=empty	ex
litteris	littera	NOMcom	Case=Abl|Numb=Plur	litteris
enim	enim2	CONcoo	MORPH=empty	enim
uestris	uester	PROpos	Case=Abl|Numb=Plur	uestris
quas	qui1	PROrel	Case=Acc|Numb=Plur	quas
dilecto	diligo3	VER	Case=Dat|Numb=Sing|Mood=Par|Tense=Perf|Voice=Pass|Person=1	dilecto
fratri	frater	NOMcom	Case=Dat|Numb=Sing	fratri
et	et2	CONcoo	MORPH=empty	et
consacerdoti	consacerdos	NOMcom	Case=Dat|Numb=Sing	consacerdoti
nostro	noster	PROpos	Case=Dat|Numb=Sing	nostro
Hilario	hilarium	NOMcom	Case=Dat|Numb=Sing	hilario
credidistis	credo	VER	Numb=Plur|Mood=Ind|Tense=Perf|Voice=Act|Person=2	credidistis
fraudem	fraus	NOMcom	Case=Acc|Numb=Sing	fraudem
diaboli	diabolum	NOMcom	Case=Gen|Numb=Sing	diaboli
et	et2	CONcoo	MORPH=empty	et
conspirantia	conspiro1	VER	Case=Acc|Numb=Plur|Mood=Par|Tense=Pres|Voice=Act	conspirantia
aduersus	aduersus3	PRE	MORPH=empty	aduersus
ecclesiam	ecclesia	NOMcom	Case=Acc|Numb=Sing	ecclesiam
domini	dominus	NOMcom	Case=Gen|Numb=Sing	domini
haereticorum	haereticus	ADJqua	Case=Gen|Numb=Plur|Deg=Pos	haereticorum
ingenia	ingenium	NOMcom	Case=Acc|Numb=Plur	ingenia
cognouimus	cognosco	VER	Numb=Plur|Mood=Ind|Tense=Perf|Voice=Act|Person=1	cognouimus
ut	ut4	CONsub	MORPH=empty	ut
diuisi	diuido	VER	Case=Nom|Numb=Plur|Mood=Par|Tense=Perf|Voice=Pass	diuisi
in	in	PRE	MORPH=empty	in
partibus	pars	NOMcom	Case=Abl|Numb=Plur	partibus
Orientis	orior	VER	Case=Gen|Numb=Plur|Mood=Par|Tense=Pres|Voice=Dep	orientis
atque	atque1	CONcoo	MORPH=empty	atque
Occidentis	occido?	VER	Case=Gen|Numb=Plur|Mood=Par|Voice=Act	occidentis
diuersis	diuersus	ADJqua	Case=Abl|Numb=Plur|Deg=Pos	diuersis
inuicem	inuicem	ADV	Deg=Pos	inuicem
opinionibus	opinio	NOMcom	Case=Abl|Numb=Plur	opinionibus
falleremur	fallo	VER	Numb=Plur|Mood=Sub|Tense=Impa|Voice=Pass|Person=1	falleremur
.	.	PUNC	MORPH=empty	.
nam	nam	CONcoo	MORPH=empty	nam
plures	multus	ADJqua	Case=Nom|Numb=Plur|Deg=Comp	plures
numero	numerus	NOMcom	Case=Abl|Numb=Sing	numero
qui	qui1	PROrel	Case=Nom|Numb=Plur	qui
aut	aut	CONcoo	MORPH=empty	aut
Arimini	arimen	NOMcom	Case=Nom|Numb=Plur	arimini
aut	aut	CONcoo	MORPH=empty	aut
Nicheae	nichea	NOMcom	Case=Nom|Numb=Plur	nicheae
adfuerunt	assum1	VER	Numb=Plur|Mood=Ind|Tense=Perf|Voice=Act|Person=3	adfuerunt
sub	sub	PRE	MORPH=empty	sub
auctoritate	auctoritas	NOMcom	Case=Abl|Numb=Sing	auctoritate
uestri	uester	PROpos	Case=Gen|Numb=Sing	uestri
nominis	nomen	NOMcom	Case=Gen|Numb=Sing	nominis
ad	ad2	PRE	MORPH=empty	ad
usiae	usiae	NOMcom	Case=Gen|Numb=Plur	usiae
silentium	silentium	NOMcom	Case=Nom|Numb=Sing	silentium
sunt	sum1	VER	Numb=Plur|Mood=Ind|Tense=Pres|Voice=Act|Person=3	sunt
coacti	cogo	VER	Case=Nom|Numb=Plur|Mood=Ind|Tense=Perf|Voice=Pass|Person=3	coacti
.	.	PUNC	MORPH=empty	.
quod	qui1	PROrel	Case=Nom|Numb=Sing	quod
uerbum	uerbum	NOMcom	Case=Nom|Numb=Sing	uerbum
a	ab	PRE	MORPH=empty	a
uobis	uos	PROper	Case=Abl|Numb=Plur	uobis
quondam	quondam	ADV	Deg=Pos	quondam
contra	contra1	ADV	MORPH=empty	contra
Arriomanitarum	arriomanitar	NOMcom	Case=Gen|Numb=Plur	arriomanitarum
heresim	heresis	ADJqua	Numb=Sing|Deg=Pos	heresim
inuentum	inuenio	VER	Numb=Sing|Mood=Ind|Tense=Perf|Voice=Pass|Person=3	inuentum
a	ab	PRE	MORPH=empty	a
nobis	nos	PROper	Case=Abl|Numb=Plur	nobis
semper	semper	ADV	Deg=Pos	semper
sancte	sancte	ADV	Deg=Pos	sancte
fideliter	fideliter	ADV	Deg=Pos	fideliter
-que	que	CONcoo	MORPH=empty	-que
susceptum	suscipio	VER	Case=Nom|Numb=Sing|Mood=Par|Tense=Perf|Voice=Pass	susceptum
est	sum1	VER	Numb=Sing|Mood=Ind|Tense=Pres|Voice=Act|Person=3	est
.	.	PUNC	MORPH=empty	.
Nam	nam	CONcoo	MORPH=empty	nam
omousio	omousio	NOMcom	Case=Nom|Numb=Sing	omousio
-ne	ne2	CONcoo	MORPH=empty	-ne
sermonem	sermo	NOMcom	Case=Acc|Numb=Sing	sermonem
ad	ad2	PRE	MORPH=empty	ad
ueram	uerus	ADJqua	Case=Acc|Numb=Sing|Deg=Pos	ueram
et	et2	CONcoo	MORPH=empty	et
legitimam	legitimus	ADJqua	Case=Acc|Numb=Sing|Deg=Pos	legitimam
ex	ex	PRE	MORPH=empty	ex
deo	deus	NOMcom	Case=Abl|Numb=Sing	deo
patre	pater	NOMcom	Case=Abl|Numb=Sing	patre
unigeniti	unigenitus	ADJqua	Case=Nom|Numb=Plur	unigeniti
dei	deus	NOMcom	Case=Gen|Numb=Sing	dei
natiuitatem	natiuitas	NOMcom	Case=Acc|Numb=Sing	natiuitatem
sumus	sum1	VER	Numb=Plur|Mood=Ind|Tense=Pres|Voice=Act|Person=1	sumus
amplexi	amplector	VER	Case=Nom|Numb=Plur|Mood=Par|Tense=Perf|Voice=Dep	amplexi
detestantes	detestor	VER	Case=Nom|Numb=Plur|Mood=Par|Tense=Pres|Voice=Dep	detestantes
secundum	secundum?	ADJord	MORPH=empty	secundum
Sabellii	sabellium	NOMcom	Case=Gen|Numb=Sing	sabellii
blasphemias	blasphemiae	NOMcom	Case=Acc|Numb=Plur	blasphemias
ipsam	ipse	PROdem	Case=Acc|Numb=Sing	ipsam
unionem	unio1	NOMcom	Case=Acc|Numb=Sing	unionem
neque	neque	CONcoo	MORPH=empty	neque
aliquam	aliquis	PROind	Case=Acc|Numb=Sing	aliquam
partem	pars	NOMcom	Case=Acc|Numb=Sing	partem
patris	pater	NOMcom	Case=Gen|Numb=Sing	patris
esse	sum1	VER	Mood=Inf|Tense=Pres|Voice=Act	esse
filium	filius	NOMcom	Case=Acc|Numb=Sing	filium
intellegentes	intelligens	ADJqua	Case=Nom|Numb=Plur|Deg=Pos|Voice=Act	intellegentes
sed	sed	CONcoo	MORPH=empty	sed
ex	ex	PRE	MORPH=empty	ex
toto	totus	PROind	Case=Abl|Numb=Sing	toto
atque	atque1	CONcoo	MORPH=empty	atque
perfecto	perfectus2	VER	Case=Abl|Numb=Sing|Mood=Par|Tense=Perf	perfecto
innastcibili	innastcibilis	ADJqua	Case=Abl|Numb=Sing|Deg=Pos	innastcibili
deo	deus	NOMcom	Case=Abl|Numb=Sing	deo
totum	totus	PROind	Case=Nom|Numb=Sing	totum
atque	atque1	CONcoo	MORPH=empty	atque
perfectum	perfectus2	ADJqua	Case=Acc|Numb=Sing|Deg=Pos	perfectum
unigenitum	unigenitus	ADJqua	Case=Acc|Numb=Sing|Deg=Pos	unigenitum
deum	deus	NOMcom	Case=Gen|Numb=Sing	deum
natum	nascor	ADJqua	Case=Acc|Numb=Sing	natum
unius	unus	ADJcar	Case=Gen|Numb=Sing	unius
a	ab	PRE	MORPH=empty	a
nobis	nos	PROper	Case=Abl|Numb=Plur	nobis
idcirco	idcirco	ADV	Deg=Pos	idcirco
uel	uel2	CONcoo	MORPH=empty	uel
usiae	usiae	NOMcom	Case=Gen|Numb=Sing	usiae
uel	uel2	CONcoo	MORPH=empty	uel
substantiae	substantia	NOMcom	Case=Gen|Numb=Sing	substantiae
cum	cum2	PRE	MORPH=empty	cum
deo	deus	NOMcom	Case=Abl|Numb=Sing	deo
patre	pater	NOMcom	Case=Abl|Numb=Sing	patre
confessum	confiteor	VER	Case=Acc|Numb=Sing|Mood=Ind|Tense=Perf|Voice=Dep|Person=3	confessum
.	.	PUNC	MORPH=empty	.
ne	ne4	CONsub	MORPH=empty	ne
creatura	creo	VER	Case=Nom|Numb=Sing|Mood=Par|Tense=Fut|Voice=Act	creatura
potius	potius	ADV	Deg=Comp	potius
aut	aut	CONcoo	MORPH=empty	aut
adoptio	adoptio	NOMcom	Case=Nom|Numb=Sing	adoptio
aut	aut	CONcoo	MORPH=empty	aut
adpellatio	appellatio	NOMcom	Case=Nom|Numb=Sing	adpellatio
uideretur	uideo	VER	Numb=Sing|Mood=Sub|Tense=Impa|Voice=Pass|Person=3	uideretur
et	et2	CONcoo	MORPH=empty	et
quia	quia	CONsub	MORPH=empty	quia
ex	ex	PRE	MORPH=empty	ex
ipso	ipse	PROdem	Case=Abl|Numb=Sing	ipso
esset	sum1	VER	Numb=Sing|Mood=Sub|Tense=Impa|Voice=Act|Person=3	esset
ut	ut1	ADVrel	MORPH=empty	ut
ex	ex	PRE	MORPH=empty	ex
patre	pater	NOMcom	Case=Abl|Numb=Sing	patre
filius	filius	NOMcom	Case=Nom|Numb=Sing	filius
ut	ut4	CONsub	MORPH=empty	ut
ex	ex	PRE	MORPH=empty	ex
deo	deus	NOMcom	Case=Abl|Numb=Sing	deo
deus	deus	NOMcom	Case=Nom|Numb=Sing	deus
ut	ut1	ADVrel	MORPH=empty	ut
ex	ex	PRE	MORPH=empty	ex
uirtute	uirtus	NOMcom	Case=Abl|Numb=Sing	uirtute
uirtus	uirtus	NOMcom	Case=Nom|Numb=Sing	uirtus
ut	ut4	CONsub	MORPH=empty	ut
ex	ex	PRE	MORPH=empty	ex
spiritu	spiritus	NOMcom	Case=Abl|Numb=Sing	spiritu
spiritus	spiritus	NOMcom	Case=Gen|Numb=Sing	spiritus
ut	ut1	ADVrel	MORPH=empty	ut
lumen	lumen	NOMcom	Case=Acc|Numb=Sing	lumen
ex	ex	PRE	MORPH=empty	ex
lumine	lumen	NOMcom	Case=Abl|Numb=Sing	lumine
similitudinem	similitudo	NOMcom	Case=Acc|Numb=Sing	similitudinem
quoque	quoque	ADV	Deg=Pos	quoque
eius	is	PROdem	Case=Gen|Numb=Sing	eius
ad	ad2	PRE	MORPH=empty	ad
deum	deus	NOMcom	Case=Acc|Numb=Sing	deum
patrem	pater	NOMcom	Case=Acc|Numb=Sing	patrem
non	non	ADVneg	MORPH=empty	non
inuiti	inuitus	ADJqua	Case=Nom|Numb=Plur|Deg=Pos	inuiti
audientes	audio	VER	Case=Nom|Numb=Plur|Mood=Par|Tense=Pres|Voice=Act	audientes
quippe	quippe2	CONcoo	MORPH=empty	quippe
cum	cum3	CONsub	MORPH=empty	cum
imago	imago	NOMcom	Case=Nom|Numb=Sing	imago
inuisibilis	inuisibilis	ADJqua	Case=Gen|Numb=Sing|Deg=Pos	inuisibilis
dei	deus	NOMcom	Case=Gen|Numb=Sing	dei
sit	sum1	VER	Numb=Sing|Mood=Sub|Tense=Pres|Voice=Act|Person=3	sit
sed	sed	CONcoo	MORPH=empty	sed
eam	is	PROdem	Case=Acc|Numb=Sing	eam
solam	solus	PROind	Case=Acc|Numb=Sing	solam
similitudinem	similitudo	NOMcom	Case=Acc|Numb=Sing	similitudinem
dignam	dignus	ADJqua	Case=Acc|Numb=Sing|Deg=Pos	dignam
ad	ad2	PRE	MORPH=empty	ad
patrem	pater	NOMcom	Case=Acc|Numb=Sing	patrem
intellegentes	intelligo	ADJqua	Case=Acc|Numb=Plur|Mood=Par|Tense=Pres|Voice=Act	intellegentes
quae	qui1	PROrel	Case=Nom|Numb=Sing	quae
dei	deus	NOMcom	Case=Gen|Numb=Sing	dei
ueri	uerus	NOMcom	Case=Gen|Numb=Sing|Deg=Pos	ueri
sit	sum1	VER	Numb=Sing|Mood=Sub|Tense=Pres|Voice=Act|Person=3	sit
ad	ad2	PRE	MORPH=empty	ad
deum	deus	NOMcom	Case=Acc|Numb=Sing	deum
uerum	uerum4	CONcoo	MORPH=empty	uerum
ita	ita	ADV	Deg=Pos	ita
ut	ut4	CONsub	MORPH=empty	ut
non	non	ADVneg	MORPH=empty	non
unio	unius	ADJqua	Case=Abl|Numb=Sing	unio
diuinitatis	diuinitas	NOMcom	Case=Gen|Numb=Sing	diuinitatis
sed	sed	CONcoo	MORPH=empty	sed
unitas	unitas	NOMcom	Case=Nom|Numb=Sing	unitas
intellegatur	intelligo	VER	Numb=Sing|Mood=Sub|Tense=Pres|Voice=Pass|Person=3	intellegatur
quia	quia	CONsub	MORPH=empty	quia
unio	unius	NOMcom	Case=Abl|Numb=Sing	unio
sit	sum1	VER	Numb=Sing|Mood=Sub|Tense=Pres|Voice=Act|Person=3	sit
singularis	singularis	ADJqua	Case=Nom|Numb=Sing|Deg=Pos	singularis
unitas	unitas	NOMcom	Case=Nom|Numb=Sing	unitas
uero	uero4	CONcoo	MORPH=empty	uero
secundum	secundum?	ADJord	Case=Nom	secundum
natiuitatis	natiuitas	NOMcom	Case=Gen|Numb=Sing	natiuitatis
ueritatem	ueritas	NOMcom	Case=Acc|Numb=Sing	ueritatem
plenitudo	plenitudo	NOMcom	Case=Nom|Numb=Sing	plenitudo
nascentis	nascor	VER	Case=Gen|Numb=Sing|Mood=Par|Tense=Pres|Voice=Dep	nascentis
sit	sum1	VER	Numb=Sing|Mood=Sub|Tense=Pres|Voice=Act|Person=3	sit
maxime	magis2	ADV	Deg=Sup	maxime
cum	cum3	CONsub	MORPH=empty	cum
dominus	dominus	NOMcom	Case=Nom|Numb=Sing	dominus
ipse	ipse	PROdem	Case=Nom|Numb=Sing	ipse
lesus	ledo	VER	Case=Nom|Numb=Sing|Mood=Par|Tense=Perf|Voice=Pass	lesus
Christus	christus	NOMcom	Case=Nom|Numb=Sing	christus
ad	ad2	PRE	MORPH=empty	ad
discipulos	discipulus	NOMcom	Case=Acc|Numb=Plur	discipulos
suos	suus	PROpos.ref	Case=Acc|Numb=Plur	suos
sit	sum1	VER	Numb=Sing|Mood=Sub|Tense=Pres|Voice=Act|Person=3	sit
professus	profiteor	VER	Case=Nom|Numb=Sing|Mood=Par|Tense=Perf|Voice=Dep	professus
dicens	dico?	VER	Case=Nom|Numb=Sing|Mood=Par|Tense=Pres|Voice=Act	dicens
ego	ego	PROper	Case=Nom|Numb=Sing	ego
et	et2	CONcoo	MORPH=empty	et
pater	pater	NOMcom	Case=Nom|Numb=Sing	pater
u	unus	ADVint	MORPH=empty	u
-ne	ne2	CONcoo	MORPH=empty	-ne
unum	unus	ADJcar	Case=Acc|Numb=Sing	unum
sumus	sum1	VER	Numb=Plur|Mood=Ind|Tense=Pres|Voice=Act|Person=1	sumus
.	.	PUNC	MORPH=empty	.
quo	qui1	PROrel	Case=Abl|Numb=Sing	quo
non	non	ADVneg	MORPH=empty	non
solum	solum2	ADV	Deg=Pos	solum
caritatem	caritas	NOMcom	Case=Acc|Numb=Sing	caritatem
quae	qui1	PROrel	Case=Nom|Numb=Sing	quae
ad	ad2	PRE	MORPH=empty	ad
patrem	pater	NOMcom	Case=Acc|Numb=Sing	patrem
est	sum1	VER	Numb=Sing|Mood=Ind|Tense=Pres|Voice=Act|Person=3	est
sed	sed	CONcoo	MORPH=empty	sed
et	et2	CONcoo	MORPH=empty	et
diuinitatem	diuinitas	NOMcom	Case=Acc|Numb=Sing	diuinitatem
quae	qui1	PROrel	Case=Nom|Numb=Sing	quae
dei	deus	NOMcom	Case=Gen|Numb=Sing	dei
ex	ex	PRE	MORPH=empty	ex
deo	deus	NOMcom	Case=Abl|Numb=Sing	deo
est	sum1	VER	Numb=Sing|Mood=Ind|Tense=Pres|Voice=Act|Person=3	est
significat	significo	VER	Numb=Sing|Mood=Ind|Tense=Pres|Voice=Act|Person=3	significat
secundum	secundum2	PRE	MORPH=empty	secundum
illud	ille	PROdem	Case=Acc|Numb=Sing	illud
qui	qui1	PROrel	Case=Nom|Numb=Sing	qui
me	ego	PROper	Case=Acc|Numb=Sing	me
uidit	uideo	VER	Numb=Sing|Mood=Ind|Tense=Perf|Voice=Act|Person=3	uidit
uidit	uideo	VER	Numb=Sing|Mood=Ind|Tense=Perf|Voice=Act|Person=3	uidit
et	et2	CONcoo	MORPH=empty	et
patrem	pater	NOMcom	Case=Acc|Numb=Sing	patrem
et	et2	CONcoo	MORPH=empty	et
si	si2	CONsub	MORPH=empty	si
mihi	ego	PROper	Case=Dat|Numb=Sing	mihi
non	non	ADVneg	MORPH=empty	non
uultis	uolo?	VER	Numb=Plur|Mood=Ind|Tense=Pres|Voice=Act|Person=2	uultis
credere	credo	VER	Mood=Inf|Tense=Pres|Voice=Act	credere
uel	uel1	ADV	Deg=Pos	uel
operibus	opus?	NOMcom	Case=Dat|Numb=Plur	operibus
meis	meus	PROpos	Case=Dat|Numb=Plur	meis
credite	credo	VER	Numb=Plur|Mood=Imp|Tense=Pres|Voice=Act|Person=2	credite
quia	quia	CONsub	MORPH=empty	quia
pater	pater	NOMcom	Case=Nom|Numb=Sing	pater
in	in	PRE	MORPH=empty	in
me	ego	PROper	Case=Acc|Numb=Sing	me
et	et2	CONcoo	MORPH=empty	et
ego	ego	PROper	Case=Nom|Numb=Sing	ego
in	in	PRE	MORPH=empty	in
patre	pater	NOMcom	Case=Abl|Numb=Sing	patre
.	.	PUNC	MORPH=empty	.
Hanc	hic1	PROdem	Case=Acc|Numb=Sing	hanc
igitur	igitur	CONcoo	MORPH=empty	igitur
semper	semper	ADV	Deg=Pos	semper
fidem	fides?	NOMcom	Case=Acc|Numb=Sing	fidem
tenentes	teneo	VER	Case=Nom|Numb=Plur|Mood=Par|Tense=Pres|Voice=Act	tenentes
et	et2	CONcoo	MORPH=empty	et
tenebimus	teneo	VER	Numb=Plur|Mood=Ind|Tense=Fut|Voice=Act|Person=1	tenebimus
detestantes	detestor	VER	Case=Nom|Numb=Plur|Mood=Par|Tense=Pres|Voice=Dep	detestantes
quoque	quoque	ADV	Deg=Pos	quoque
eos	is	PROdem	Case=Acc|Numb=Plur	eos
qui	qui1	PROrel	Case=Nom|Numb=Plur	qui
dicunt	dico?	VER	Numb=Plur|Mood=Ind|Tense=Pres|Voice=Act|Person=3	dicunt
non	non	ADVneg	MORPH=empty	non
erat	sum1	VER	Numb=Sing|Mood=Ind|Tense=Impa|Voice=Act|Person=3	erat
ante	ante2	PRE	Deg=Pos	ante
quam	quam?	PROrel	MORPH=empty	quam
nasceretur	nascor	VER	Numb=Sing|Mood=Sub|Tense=Impa|Voice=Dep|Person=3	nasceretur
.	.	PUNC	MORPH=empty	.
non	non	ADVneg	MORPH=empty	non
quod	qui?	CONsub	Numb=Sing	quod
unigenitum	unigenitus	ADJqua	Case=Acc|Numb=Sing|Deg=Pos	unigenitum
deum	deus	NOMcom	Case=Gen|Numb=Sing	deum
innascibilem	innascibilis	ADJqua	Case=Acc|Numb=Sing|Deg=Pos	innascibilem
praedicemus	praedico?	VER	Numb=Plur|Mood=Sub|Tense=Pres|Voice=Act|Person=1	praedicemus
sed	sed	CONcoo	MORPH=empty	sed
quod	quod2	CONsub	MORPH=empty	quod
impium	impius	ADJqua	Case=Nom|Numb=Sing|Deg=Pos	impium
sit	sum1	VER	Numb=Sing|Mood=Sub|Tense=Pres|Voice=Act|Person=3	sit
maxime	magis2	ADV	Deg=Sup	maxime
deo	deus	NOMcom	Case=Dat|Numb=Sing	deo
temporum	tempus?	NOMcom	Case=Gen|Numb=Plur	temporum
tempus	tempus?	NOMcom	Case=Acc|Numb=Sing	tempus
aliquod	aliquis	PROind	Case=Acc|Numb=Sing	aliquod
anteferre	antefero	VER	Mood=Inf|Tense=Pres|Voice=Act	anteferre
cum	cum3	CONsub	MORPH=empty	cum
ipsud	ipse	PROdem	Case=Nom|Numb=Sing	ipsud
illud	ille	PROdem	Case=Nom|Numb=Sing	illud
ante	ante2	PRE	Deg=Pos	ante
quam	quam?	PROrel	Case=Acc|Numb=Sing	quam
nasceretur	nascor	VER	Numb=Sing|Mood=Sub|Tense=Impa|Voice=Dep|Person=3	nasceretur
non	non	ADVneg	MORPH=empty	non
fuit	sum1	VER	Numb=Sing|Mood=Ind|Tense=Perf|Voice=Act|Person=3	fuit
sit	sum1	VER	Numb=Sing|Mood=Sub|Tense=Pres|Voice=Act|Person=3	sit
temporis	tempus?	NOMcom	Case=Gen|Numb=Sing	temporis
.	.	PUNC	MORPH=empty	.
sed	sed	CONcoo	MORPH=empty	sed
et	et2	CONcoo	MORPH=empty	et
oboedientem	obediens	ADJqua	Case=Acc|Numb=Sing|Deg=Pos	oboedientem
quoquc	quoque	ADVrel	Numb=Sing	quoquc
patri	pater	NOMcom	Case=Dat|Numb=Sing	patri
etiam	etiam	ADV	Deg=Pos	etiam
usque	usque	ADV	Deg=Pos	usque
ad	ad2	PRE	MORPH=empty	ad
mortem	mors	NOMcom	Case=Acc|Numb=Sing	mortem
crucis	crux	NOMcom	Case=Gen|Numb=Sing	crucis
secundum	secundum2	PRE	MORPH=empty	secundum
infirmitatem	infirmitas	NOMcom	Case=Acc|Numb=Sing	infirmitatem
adsumpti	assumo	VER	Case=Gen|Numb=Sing|Mood=Par|Tense=Perf|Voice=Pass	adsumpti
hominis	homo	NOMcom	Case=Gen|Numb=Sing	hominis
non	non	ADVneg	MORPH=empty	non
negamus	nego	VER	Numb=Plur|Mood=Ind|Tense=Pres|Voice=Act|Person=1	negamus
cum	cum3	CONsub	MORPH=empty	cum
ipse	ipse	PROdem	Case=Nom|Numb=Sing	ipse
de	de	PRE	MORPH=empty	de
ascensu	ascensus	NOMcom	Case=Abl|Numb=Sing	ascensu
suo	suus	PROpos.ref	Case=Abl|Numb=Sing	suo
ad	ad2	PRE	MORPH=empty	ad
caelos	caelum?	NOMcom	Case=Acc|Numb=Plur	caelos
loquutus	loquor	VER	Case=Nom|Numb=Sing|Mood=Par|Tense=Perf|Voice=Dep	loquutus
sit	sum1	VER	Numb=Sing|Mood=Sub|Tense=Pres|Voice=Act|Person=3	sit
si	si2	CONsub	MORPH=empty	si
diligeretis	diligo3	VER	Numb=Plur|Mood=Sub|Tense=Impa|Voice=Act|Person=2	diligeretis
me	ego	PROper	Case=Acc|Numb=Sing	me
gauderetis	gaudeo	VER	Numb=Plur|Mood=Sub|Tense=Impa|Voice=SemDep|Person=2	gauderetis
quia	quia	CONsub	MORPH=empty	quia
uado	uado2	VER	Case=Abl|Numb=Sing|Mood=Ind|Tense=Pres|Voice=Act|Person=1	uado
ad	ad2	PRE	MORPH=empty	ad
patrem	pater	NOMcom	Case=Acc|Numb=Sing	patrem
quia	quia	CONsub	MORPH=empty	quia
pater	pater	NOMcom	Case=Nom|Numb=Sing	pater
ma	ma	NOMcom	Numb=Sing	ma
i	eo1	VER	Numb=Sing|Mood=Imp|Tense=Pres|Voice=Act|Person=2	i
or	or	NOMcom	Numb=Sing	or
me	ego	PROper	Case=Acc|Numb=Sing	me
est	sum1	VER	Numb=Sing|Mood=Ind|Tense=Pres|Voice=Act|Person=3	est
.	.	PUNC	MORPH=empty	.
per	per	PRE	MORPH=empty	per
cuius	qui1	PROrel	Case=Gen|Numb=Sing	cuius
carnis	caro1	NOMcom	Case=Abl|Numb=Plur	carnis
susceptionem	susceptio	NOMcom	Case=Acc|Numb=Sing	susceptionem
nos	nos	PROper	Case=Acc|Numb=Plur	nos
sibi	sui1	PROref	Case=Dat|Numb=Sing	sibi
fratres	frater	NOMcom	Case=Acc|Numb=Plur	fratres
connuncupare	connuncupo	VER	Mood=Inf|Tense=Pres|Voice=Act	connuncupare
dignatus	dignor	VER	Case=Nom|Numb=Sing|Mood=Par|Tense=Perf|Voice=Dep	dignatus
est	sum1	VER	Numb=Sing|Mood=Ind|Tense=Pres|Voice=Act|Person=3	est
eum	is	PROdem	Case=Acc|Numb=Sing	eum
in	in	PRE	MORPH=empty	in
forma	forma	NOMcom	Case=Abl|Numb=Sing	forma
dei	deus	NOMcom	Case=Gen|Numb=Sing	dei
manens	maneo	VER	Case=Nom|Numb=Sing|Mood=Par|Tense=Pres|Voice=Act	manens
forma	forma	NOMcom	Case=Abl|Numb=Sing	forma
serui	seruus1	NOMcom	Case=Gen|Numb=Sing	serui
esse	sum1	VER	Mood=Inf|Tense=Pres|Voice=Act	esse
uoluisset	uolo?	VER	Numb=Sing|Mood=Sub|Tense=Pqp|Voice=Act|Person=3	uoluisset
.	.	PUNC	MORPH=empty	.
Itaque	itaque	CONcoo	MORPH=empty	itaque
carissimi	carus	ADJqua	Case=Nom|Numb=Plur|Deg=Sup	carissimi
.	.	PUNC	MORPH=empty	.
cum	cum3	CONsub	MORPH=empty	cum
ex	ex	PRE	MORPH=empty	ex
litteris	littera	NOMcom	Case=Abl|Numb=Plur	litteris
uestris	uester	PROpos	Case=Abl|Numb=Plur	uestris
in	in	PRE	MORPH=empty	in
usiae	usia	NOMcom	Case=Gen|Numb=Sing	usiae
silentio	silentium	NOMcom	Case=Abl|Numb=Sing	silentio
fraudem	fraus	NOMcom	Case=Acc|Numb=Sing	fraudem
se	sui1	PROref	Case=Acc|Numb=Sing	se
passam	patior	VER	Case=Acc|Numb=Sing|Mood=Par|Tense=Perf|Voice=Dep	passam
simplicitas	simplicitas	NOMcom	Case=Nom|Numb=Sing	simplicitas
nostra	noster	PROpos	Case=Nom|Numb=Sing	nostra
cognoscat	cognosco	VER	Numb=Sing|Mood=Sub|Tense=Pres|Voice=Act|Person=3	cognoscat
.	.	PUNC	MORPH=empty	.
etiam	etiam	ADV	Deg=Pos	etiam
pietatem	pietas	NOMcom	Case=Acc|Numb=Sing	pietatem
eorum	is	PROdem	Case=Gen|Numb=Plur	eorum
.	.	PUNC	MORPH=empty	.
qui	qui1	PROrel	Case=Nom|Numb=Plur	qui
de	de	PRE	MORPH=empty	de
Arimino	ariminus	NOMcom	Case=Abl|Numb=Sing	arimino
Constantinopolim	constantis	NOMcom	Case=Acc|Numb=Sing	constantinopolim
reuerterunt	reuerto	VER	Numb=Plur|Mood=Ind|Tense=Perf|Voice=Act|Person=3	reuerterunt
.	.	PUNC	MORPH=empty	.
conuentos	conuenio	VER	Case=Acc|Numb=Plur|Mood=Inf|Tense=Perf|Voice=Pass	conuentos
sicut	sicut1	ADVrel	MORPH=empty	sicut
epistola	epistola	NOMcom	Case=Nom|Numb=Plur	epistola
uestra	uester	PROpos	Case=Acc|Numb=Plur	uestra
contenta	contentus?	ADJqua	Case=Acc|Numb=Plur|Deg=Pos	contenta
testatur	testor	VER	Numb=Sing|Mood=Ind|Tense=Pres|Voice=Dep|Person=3	testatur
neque	neque	CONcoo	MORPH=empty	neque
eos	is	PROdem	Case=Acc|Numb=Plur	eos
ad	ad2	PRE	MORPH=empty	ad
tantarum	tantus	PROdem	Case=Gen|Numb=Plur	tantarum
blasphemiarum	blasphemia	NOMcom	Case=Gen|Numb=Plur	blasphemiarum
dampnationem	dampnatio	NOMcom	Case=Acc|Numb=Sing	dampnationem
potuisse	possum1	VER	Mood=Inf|Tense=Perf|Voice=Act	potuisse
compellere	compello?	VER	Mood=Inf|Tense=Pres|Voice=Act	compellere
fidelis	fidelis2	ADJqua	Case=Nom|Numb=Sing|Deg=Pos	fidelis
dominici	dominicus	ADJqua	Case=Gen|Numb=Sing|Deg=Pos	dominici
nominis	nomen	NOMcom	Case=Gen|Numb=Sing	nominis
pracdicator	pracdicator	NOMcom	Case=Nom|Numb=Sing	pracdicator
frater	frater	NOMcom	Case=Nom|Numb=Sing	frater
noster	noster	PROpos	Case=Nom|Numb=Sing	noster
Hilarius	hilare	ADV	Deg=Comp	hilarius
nuntiauerit	nuntio	VER	Numb=Sing|Mood=Ind|Tense=Perf|Voice=Act|Person=3	nuntiauerit
.	.	PUNC	MORPH=empty	.
nos	nos	PROper	Case=Nom|Numb=Plur	nos
quoque	quoque	ADV	Deg=Pos	quoque
ab	ab	PRE	MORPH=empty	ab
his	hic1	PROdem	Case=Abl|Numb=Plur	his
omnibus	omnis	PROind	Case=Abl|Numb=Plur	omnibus
quae	qui1	PROrel	Case=Nom|Numb=Plur	quae
per	per	PRE	MORPH=empty	per
ignorantiam	ignorantia	NOMcom	Case=Acc|Numb=Sing	ignorantiam
perpere	perpero	VER	Mood=Inf|Tense=Pres|Voice=Act	perpere
gesta	gero	VER	Case=Nom|Numb=Plur|Mood=Ind|Tense=Perf|Voice=Pass	gesta
sunt	sum1	VER	Numb=Plur|Mood=Ind|Tense=Pres|Voice=Act|Person=3	sunt
.	.	PUNC	MORPH=empty	.
referimus	refero	VER	Numb=Plur|Mood=Ind|Tense=Pres|Voice=Act|Person=1	referimus
.	.	PUNC	MORPH=empty	.
Auxentiumet	auxens	ADJqua	Case=Gen|Numb=Plur|Tense=Pres	auxentiumet
Ursacium	hrsacium	ADJqua	Case=Acc|Numb=Sing|Deg=Pos	vrsacium
ac	ac1	CONcoo	MORPH=empty	ac
Ualentem	allens	ADJqua	Case=Acc|Numb=Sing|Deg=Pos	valentem
Gaium	gaium	NOMcom	Case=Acc|Numb=Sing	gaium
Megasium	megasius	NOMcom	Case=Acc|Numb=Sing	megasium
et	et2	CONcoo	MORPH=empty	et
Iustinum	iustinum	NOMcom	Case=Acc|Numb=Sing	iustinum
excommunicatos	excommunico	ADJqua	Case=Acc|Numb=Plur|Deg=Pos	excommunicatos
habemus	habeo	VER	Numb=Plur|Mood=Ind|Tense=Pres|Voice=Act|Person=1	habemus
secundum	secundum2	PRE	MORPH=empty	secundum
litteras	littera	NOMcom	Case=Acc|Numb=Plur	litteras
uestras	uester	PROpos	Case=Acc|Numb=Plur	uestras
et	et2	CONcoo	MORPH=empty	et
certe	certe	ADV	Deg=Pos	certe
ut	ut1	ADVrel	MORPH=empty	ut
diximus	dico?	VER	Numb=Plur|Mood=Ind|Tense=Perf|Voice=Act|Person=1	diximus
.	.	PUNC	MORPH=empty	.
iuxta	iuxta2	PRE	MORPH=empty	iuxta
fratris	frater	NOMcom	Case=Gen|Numb=Sing	fratris
nostri	noster	PROpos	Case=Gen|Numb=Sing	nostri
Hilarii	hilarius	NOMcom	Case=Gen|Numb=Sing	hilarii
professionem	professio	NOMcom	Case=Acc|Numb=Sing	professionem
.	.	PUNC	MORPH=empty	.
qui	qui1	PROrel	Case=Nom|Numb=Plur	qui
se	sui1	PROref	Case=Acc|Numb=Sing	se
pacem	pax	NOMcom	Case=Acc|Numb=Sing	pacem
cum	cum2	PRE	MORPH=empty	cum
his	hic1	PROdem	Case=Abl|Numb=Plur	his
qui	qui1	PROrel	Case=Nom|Numb=Plur	qui
horum	hic1	PROdem	Case=Gen|Numb=Plur	horum
sectarentur	sector2	VER	Numb=Plur|Mood=Sub|Tense=Impa|Voice=Dep|Person=3	sectarentur
errores	error	NOMcom	Case=Acc|Numb=Plur	errores
.	.	PUNC	MORPH=empty	.
habiturum	habeo	VER	Case=Acc|Numb=Sing|Mood=Inf|Tense=Fut|Voice=Act	habiturum
negauit	nego	VER	Numb=Sing|Mood=Ind|Tense=Perf|Voice=Act|Person=3	negauit
.	.	PUNC	MORPH=empty	.
blasphemias	blasphemiae	NOMcom	Case=Acc|Numb=Plur	blasphemias
quoque	quoque	ADV	Deg=Pos	quoque
omnes	omnis	PROind	Case=Nom|Numb=Plur	omnes
.	.	PUNC	MORPH=empty	.
quas	qui1	PROrel	Case=Acc|Numb=Plur	quas
littcris	litthra	NOMcom	Case=Abl|Numb=Plur	littcris
uestris	uester	PROpos	Case=Dat|Numb=Plur	uestris
subiecistis	subicio	VER	Numb=Plur|Mood=Ind|Tense=Perf|Voice=Act|Person=2	subiecistis
dampnamus	dampno	VER	Numb=Plur|Mood=Ind|Tense=Pres|Voice=Act|Person=1	dampnamus
maxime	magis2	ADV	Deg=Sup	maxime
-que	que	CONcoo	MORPH=empty	-que
eorum	is	PROdem	Case=Gen|Numb=Plur	eorum
sacerdotes	sacerdos	NOMcom	Case=Acc|Numb=Plur	sacerdotes
apostatas	aposto	VER	Case=Acc|Numb=Plur	apostatas
respuentes	respuo	VER	Case=Acc|Numb=Plur|Mood=Par|Tense=Pres|Voice=Act	respuentes
qui	qui1	PROrel	Case=Nom|Numb=Plur	qui
in	in	PRE	MORPH=empty	in
loca	locus	NOMcom	Case=Acc|Numb=Plur	loca
fratrum	frater	NOMcom	Case=Gen|Numb=Plur	fratrum
indignissime	indigne	ADV	Deg=Sup	indignissime
exulantium	exsulo	VER	Case=Gen|Numb=Plur|Mood=Par|Tense=Pres|Voice=Act	exulantium
quorundam	quidam	PROind	Case=Gen|Numb=Plur	quorundam
aut	aut	CONcoo	MORPH=empty	aut
ignoratio	ignoratio	NOMcom	Case=Nom|Numb=Sing	ignoratio
-ne	ne2	CONcoo	MORPH=empty	-ne
aut	aut	CONcoo	MORPH=empty	aut
impietate	impietas	NOMcom	Case=Abl|Numb=Sing	impietate
sunt	sum1	VER	Numb=Plur|Mood=Ind|Tense=Pres|Voice=Act|Person=3	sunt
substituti	substituo	VER	Case=Nom|Numb=Plur|Mood=Par|Tense=Perf|Voice=Pass	substituti
.	.	PUNC	MORPH=empty	.
pollicentes	polliceor	VER	Case=Nom|Numb=Plur|Mood=Par|Tense=Pres|Voice=Dep	pollicentes
hoc	hic1	PROdem	Case=Acc|Numb=Sing	hoc
coram	coram1	ADV	Deg=Pos	coram
deo	deus	NOMcom	Case=Abl|Numb=Sing	deo
atque	atque1	CONcoo	MORPH=empty	atque
etiam	etiam	ADV	Deg=Pos	etiam
confitentes	confiteor	VER	Case=Acc|Numb=Plur|Mood=Par|Tense=Pres|Voice=Dep	confitentes
ut	ut4	CONsub	MORPH=empty	ut
quisque	quisque2	PROind	Case=Nom|Numb=Sing	quisque
his	hic1	PROdem	Case=Abl|Numb=Plur	his
quae	qui1	PROrel	Case=Acc|Numb=Plur	quae
statuimus	statuo	VER	Numb=Plur|Mood=Ind|Tense=Pres|Voice=Act|Person=1	statuimus
intra	intra2	PRE	MORPH=empty	intra
Gallias	gallia	NOMcom	Case=Acc|Numb=Plur	gallias
putauerit	puto	VER	Numb=Sing|Mood=Sub|Tense=Fut|Voice=Act|Person=3	putauerit
renitendum	renito	VER	Case=Acc|Numb=Sing|Mood=Adj|Voice=Pass	renitendum
a	ab	PRE	MORPH=empty	a
communio	communio1	NOMcom	Case=Abl|Numb=Sing	communio
-ne	ne2	CONcoo	MORPH=empty	-ne
ac	ac1	CONcoo	MORPH=empty	ac
sede	sedes	NOMcom	Case=Abl|Numb=Sing	sede
sit	sum1	VER	Numb=Sing|Mood=Sub|Tense=Pres|Voice=Act|Person=3	sit
sacerdotii	sacerdotium	NOMcom	Case=Gen|Numb=Sing	sacerdotii
abiciendus	abicio	VER	Case=Nom|Numb=Sing|Mood=Adj|Voice=Pass	abiciendus
.	.	PUNC	MORPH=empty	.
neque	neque	CONcoo	MORPH=empty	neque
enim	enim2	CONcoo	MORPH=empty	enim
ut	ut1	ADVrel	MORPH=empty	ut
alia	alius	PROind	Case=Acc|Numb=Plur	alia
aut	aut	CONcoo	MORPH=empty	aut
occasionem	occasio	NOMcom	Case=Acc|Numb=Sing	occasionem
praedicandi	praedico?	VER	Case=Gen|Numb=Sing|Mood=Ger|Voice=Act	praedicandi
non	non	ADVneg	MORPH=empty	non
dampnamus	dampno	VER	Numb=Plur|Mood=Ind|Tense=Pres|Voice=Act|Person=1	dampnamus
permittens	permitto	VER	Case=Nom|Numb=Sing|Mood=Par|Tense=Pres|Voice=Act	permittens
aut	aut	CONcoo	MORPH=empty	aut
contra	contra2	PRE	MORPH=empty	contra
deum	deus	NOMcom	Case=Gen|Numb=Sing	deum
et	et2	CONcoo	MORPH=empty	et
Christi	christes	NOMcom	Case=Gen|Numb=Sing	christi
unigeniti	unigenitus	ADJqua	Case=Gen|Numb=Sing|Deg=Pos	unigeniti
dei	deus	NOMcom	Case=Gen|Numb=Sing	dei
maiestatem	maiestas	NOMcom	Case=Acc|Numb=Sing	maiestatem
aliter	aliter	ADV	Deg=Pos	aliter
.	.	PUNC	MORPH=empty	.
quam	qui2	ADVrel	Case=Acc|Numb=Sing	quam
nos	nos	PROper	Case=Nom|Numb=Plur	nos
de	de	PRE	MORPH=empty	de
omousio	omousio	NOMcom	Case=Abl|Numb=Sing	omousio
-ne	ne2	CONcoo	MORPH=empty	-ne
significatio	significatio	NOMcom	Case=Nom|Numb=Sing	significatio
-ne	ne2	CONcoo	MORPH=empty	-ne
sentimus	sentio	VER	Numb=Plur|Mood=Ind|Tense=Pres|Voice=Act|Person=1	sentimus
.	.	PUNC	MORPH=empty	.
obnitens	obnitens	ADJqua	Case=Nom|Numb=Sing|Tense=Pres	obnitens
dignus	dignus	ADJqua	Case=Nom|Numb=Sing|Deg=Pos	dignus
erit	sum1	VER	Numb=Sing|Mood=Ind|Tense=Fut|Voice=Act|Person=3	erit
sanctitate	sanctitas	NOMcom	Case=Abl|Numb=Sing	sanctitate
sacerdotii	sacerdotium	NOMcom	Case=Gen|Numb=Sing	sacerdotii
nomine	nomen	NOMcom	Case=Abl|Numb=Sing	nomine
iudicandus	iudico	VER	Case=Nom|Numb=Sing|Mood=Adj|Voice=Pass	iudicandus
.	.	PUNC	MORPH=empty	.
a	ab	PRE	MORPH=empty	a
quo	qui1	PROrel	Case=Abl|Numb=Sing	quo
iam	iam	ADV	Deg=Pos	iam
Saturninum	saturninus	NOMcom	Case=Acc|Numb=Sing	saturninum
qui	qui1	PROrel	Case=Nom|Numb=Sing	qui
statutis	statuo	VER	Case=Abl|Numb=Plur|Mood=Par|Tense=Perf|Voice=Pass	statutis
salubribus	saluber	ADJqua	Case=Abl|Numb=Plur|Deg=Pos	salubribus
impiissime	impie	ADV	Deg=Sup	impiissime
contradixit	contradico2	VER	Numb=Sing|Mood=Ind|Tense=Perf|Voice=Act|Person=3	contradixit
secundum	secundum2	PRE	MORPH=empty	secundum
fratrum	frater	NOMcom	Case=Gen|Numb=Plur	fratrum
nostrorum	noster	PROpos	Case=Gen|Numb=Plur	nostrorum
geminas	geminus	ADJqua	Case=Acc|Numb=Plur|Deg=Pos	geminas
iam	iam	ADV	Deg=Pos	iam
litteras	littera	NOMcom	Case=Acc|Numb=Plur	litteras
excomunicatum	excomunico	VER	Case=Acc|Numb=Sing|Deg=Pos|Tense=Perf	excomunicatum
ab	ab	PRE	MORPH=empty	ab
omnibus	omnis	PROind	Case=Abl|Numb=Plur	omnibus
Gallicanis	gallicanus	NOMcom	Case=Abl|Numb=Plur	gallicanis
episcopis	episcops	NOMcom	Case=Gen|Numb=Sing	episcopis
caritas	caritas	NOMcom	Case=Nom|Numb=Sing	caritas
uestra	uester	PROpos	Case=Abl|Numb=Sing	uestra
cognoscat	cognosco	VER	Numb=Sing|Mood=Sub|Tense=Pres|Voice=Act|Person=3	cognoscat
.	.	PUNC	MORPH=empty	.
quem	qui1	PROrel	Case=Acc|Numb=Sing	quem
et	et2	CONcoo	MORPH=empty	et
uetera	uetera	ADJqua	Case=Acc|Numb=Plur|Deg=Pos	uetera
dissimulata	dissimulo	VER	Case=Acc|Numb=Plur|Mood=Par|Tense=Perf|Voice=Pass	dissimulata
iam	iam	ADV	Deg=Pos	iam
diu	diu	ADV	Deg=Pos	diu
licet	licet1	VER	Numb=Sing|Mood=Ind|Tense=Pres|Voice=Act|Person=3	licet
crimina	crimen	NOMcom	Case=Acc|Numb=Plur	crimina
et	et2	CONcoo	MORPH=empty	et
certa	certus	ADJqua	Case=Acc|Numb=Plur|Deg=Pos	certa
edita	edo?	ADJqua	Case=Acc|Numb=Plur	edita
epistolis	epistola	NOMcom	Case=Abl|Numb=Plur	epistolis
suis	suus	PROpos.ref	Case=Abl|Numb=Plur	suis
nouae	nouus	ADJqua	Case=Gen|Numb=Sing|Deg=Pos	nouae
temeritatis	temeritas	NOMcom	Case=Gen|Numb=Sing	temeritatis
indignum	indignus	ADJqua	Case=Acc|Numb=Sing|Deg=Pos	indignum
indignum	indignus	ADJqua	Case=Acc|Numb=Sing|Deg=Pos	indignum
episcopi	episcops	NOMcom	Case=Dat|Numb=Sing	episcopi
nomine	nomen	NOMcom	Case=Abl|Numb=Sing	nomine
esse	sum1	VER	Mood=Inf|Tense=Pres|Voice=Act	esse
fecerunt	facio	VER	Numb=Plur|Mood=Ind|Tense=Perf|Voice=Act|Person=3	fecerunt
.	.	PUNC	MORPH=empty	.
EXPLICIT	explico	VER	Numb=Sing|Mood=Ind|Tense=Pres|Voice=Act|Person=3	explicit
FIDES	fides?	NOMcom	Case=Nom|Numb=Sing	fides
CATHOLICA	catholicus	ADJqua	Case=Nom|Numb=Sing|Deg=Pos	catholica
EXPOSITA	expono	VER	Case=Nom|Numb=Sing|Mood=Par|Tense=Perf|Voice=Pass	exposita
APUD	aps	NOMcom	Case=Acc|Numb=Sing	apvd
PARISEAM	parisea	VER	Numb=Sing|Mood=Sub|Person=1	pariseam
CIUITATEM	cieitas	NOMcom	Case=Acc|Numb=Sing	civitatem
AD	ad2	PRE	MORPH=empty	ad
EPISCOPIS	episcops	NOMcom	Case=Acc|Numb=Plur	episcopis
GALLICANIS	gallicanus	NOMcom	Case=Abl|Numb=Plur	gallicanis
AD	ad2	PRE	MORPH=empty	ad
ORIENTALES	orientalis	ADJqua	Case=Acc|Numb=Plur	orientales
EPISCOPOS	episcopus	NOMcom	Case=Acc|Numb=Plur	episcopos
.	.	PUNC	MORPH=empty	.
